{
    "info": {
        "added": 1626065247.048549, 
        "started": 1626065257.229825, 
        "duration": 124, 
        "ended": 1626065381.865715, 
        "owner": null, 
        "score": 0.4, 
        "id": 3, 
        "category": "file", 
        "git": {
            "head": "13cbe0d9e457be3673304533043e992ead1ea9b2", 
            "fetch_head": "13cbe0d9e457be3673304533043e992ead1ea9b2"
        }, 
        "monitor": "2deb9ccd75d5a7a3fe05b2625b03a8639d6ee36b", 
        "package": "dll", 
        "route": "none", 
        "custom": null, 
        "machine": {
            "status": "stopped", 
            "name": "cuckoo3", 
            "label": "cuckoo3", 
            "manager": "VirtualBox", 
            "started_on": "2021-07-12 04:47:38", 
            "shutdown_on": "2021-07-12 04:49:39"
        }, 
        "platform": "windows", 
        "version": "2.0.7", 
        "options": "procmemdump=yes,route=none"
    }, 
    "signatures": [
        {
            "families": [], 
            "description": "The binary likely contains encrypted or compressed data indicative of a packer", 
            "severity": 2, 
            "ttp": {
                "T1045": {
                    "short": "Software Packing", 
                    "long": "Software packing is a method of compressing or encrypting an executable. Packing an executable changes the file signature in an attempt to avoid signature-based detection. Most decompression techniques decompress the executable code in memory."
                }
            }, 
            "markcount": 2, 
            "references": [
                "http://www.forensickb.com/2013/03/file-entropy-explained.html", 
                "http://virii.es/U/Using%20Entropy%20Analysis%20to%20Find%20Encrypted%20and%20Packed%20Malware.pdf"
            ], 
            "marks": [
                {
                    "entropy": 7.4623958383959295, 
                    "section": {
                        "size_of_data": "0x00340600", 
                        "virtual_address": "0x00002000", 
                        "entropy": 7.4623958383959295, 
                        "name": ".text", 
                        "virtual_size": "0x003405f4"
                    }, 
                    "type": "generic", 
                    "description": "A section with a high entropy has been found"
                }, 
                {
                    "entropy": 0.9993996698184001, 
                    "type": "generic", 
                    "description": "Overall entropy of this PE file is high"
                }
            ], 
            "name": "packer_entropy"
        }
    ], 
    "target": {
        "category": "file", 
        "file": {
            "yara": [], 
            "sha1": "dac9489a6c7c9ab036eda1f41641934037edaee1", 
            "name": "virussign.com_5fbb942b604f95abd0a94b028a4c35f0.vir", 
            "type": "PE32 executable (DLL) (console) Intel 80386 Mono/.Net assembly, for MS Windows", 
            "sha256": "b62d6a4286d0ef47be85cb0f7954c39753b932d075f4ecdf2ab9d4b5cc8ad1f6", 
            "urls": [
                "http://ns.adobe.com/xap/1.0/mm/", 
                "http://ns.adobe.com/xap/1.0/", 
                "http://ns.adobe.com/xap/1.0/sType/ResourceRef"
            ], 
            "crc32": "4138DB3D", 
            "path": "/home/cuckoo/.cuckoo/storage/binaries/b62d6a4286d0ef47be85cb0f7954c39753b932d075f4ecdf2ab9d4b5cc8ad1f6", 
            "ssdeep": "49152:3rJJlyLjxJyAitRYwPSj3F0xC/MTC1FgUki5BtAbca6UoYX1QpTD9zJnq7uZ:7JyvxJDaPSjV0sMW1FgXuAIsWF1", 
            "size": 3359868, 
            "sha512": "06f05a341c868d329293ae59f27b679a7acb3b24b39cce943f936051556c7cf25ac5bb941fbc5c2df6f925135e0e1a5e5146475c9bf37899aa38d3693bfdaa81", 
            "md5": "5fbb942b604f95abd0a94b028a4c35f0"
        }
    }, 
    "network": {
        "tls": [], 
        "udp": [
            {
                "src": "192.168.56.101", 
                "dst": "192.168.56.103", 
                "offset": 1532, 
                "time": 3.0962209701538086, 
                "dport": 137, 
                "sport": 137
            }, 
            {
                "src": "192.168.56.103", 
                "dst": "192.168.56.255", 
                "offset": 1772, 
                "time": 3.095221996307373, 
                "dport": 137, 
                "sport": 137
            }, 
            {
                "src": "192.168.56.103", 
                "dst": "239.255.255.250", 
                "offset": 8544, 
                "time": 1.0672860145568848, 
                "dport": 3702, 
                "sport": 49152
            }, 
            {
                "src": "192.168.56.103", 
                "dst": "8.8.4.4", 
                "offset": 21108, 
                "time": 16.471131086349487, 
                "dport": 53, 
                "sport": 50531
            }, 
            {
                "src": "192.168.56.103", 
                "dst": "8.8.4.4", 
                "offset": 21476, 
                "time": 3.9223721027374268, 
                "dport": 53, 
                "sport": 53159
            }, 
            {
                "src": "192.168.56.103", 
                "dst": "8.8.4.4", 
                "offset": 21844, 
                "time": 42.266233921051025, 
                "dport": 53, 
                "sport": 54717
            }, 
            {
                "src": "192.168.56.103", 
                "dst": "8.8.8.8", 
                "offset": 22120, 
                "time": 15.472546100616455, 
                "dport": 53, 
                "sport": 50531
            }, 
            {
                "src": "192.168.56.103", 
                "dst": "8.8.8.8", 
                "offset": 22396, 
                "time": 2.9241480827331543, 
                "dport": 53, 
                "sport": 53159
            }, 
            {
                "src": "192.168.56.103", 
                "dst": "8.8.8.8", 
                "offset": 22672, 
                "time": 41.28086304664612, 
                "dport": 53, 
                "sport": 54717
            }
        ], 
        "dns_servers": [
            "8.8.4.4", 
            "8.8.8.8"
        ], 
        "http": [], 
        "icmp": [], 
        "smtp": [], 
        "tcp": [], 
        "smtp_ex": [], 
        "mitm": [], 
        "hosts": [
            "8.8.4.4", 
            "8.8.8.8"
        ], 
        "pcap_sha256": "818913282d65f38d9e02106cab400b240b1f4706794cbd5ef741a46e35fbc4c9", 
        "dns": [
            {
                "type": "A", 
                "request": "www.msftncsi.com", 
                "answers": []
            }, 
            {
                "type": "A", 
                "request": "time.windows.com", 
                "answers": []
            }, 
            {
                "type": "A", 
                "request": "dns.msftncsi.com", 
                "answers": []
            }
        ], 
        "http_ex": [], 
        "domains": [
            {
                "ip": "131.107.255.255", 
                "domain": "dns.msftncsi.com"
            }, 
            {
                "ip": "59.103.129.10", 
                "domain": "www.msftncsi.com"
            }
        ], 
        "dead_hosts": [], 
        "sorted_pcap_sha256": "cd85bcb225322d00445def2f98ee71676721dcf6c3da8ad444f8df2e62851ca5", 
        "irc": [], 
        "https_ex": []
    }, 
    "static": {
        "pdb_path": null, 
        "pe_imports": [], 
        "peid_signatures": null, 
        "keys": [], 
        "signature": [], 
        "pe_timestamp": "2011-04-25 06:32:57", 
        "pe_exports": [], 
        "imported_dll_count": 0, 
        "pe_imphash": "", 
        "pe_resources": [], 
        "pe_versioninfo": [], 
        "pe_sections": [
            {
                "size_of_data": "0x00340600", 
                "virtual_address": "0x00002000", 
                "entropy": 7.4623958383959295, 
                "name": ".text", 
                "virtual_size": "0x003405f4"
            }, 
            {
                "size_of_data": "0x00000600", 
                "virtual_address": "0x00344000", 
                "entropy": 0.0, 
                "name": ".rsrc", 
                "virtual_size": "0x00000468"
            }, 
            {
                "size_of_data": "0x00000200", 
                "virtual_address": "0x00346000", 
                "entropy": 0.0, 
                "name": ".reloc", 
                "virtual_size": "0x0000000c"
            }
        ]
    }, 
    "debug": {
        "action": [
            "vmrouting"
        ], 
        "dbgview": [], 
        "errors": [
            "Error processing task #3: it appears that the Virtual Machine hasn't been able to contact back to the Cuckoo Host. There could be a few reasons for this, please refer to our documentation on the matter: https://cuckoo.sh/docs/faq/index.html#troubleshooting-vm-network-configuration"
        ], 
        "log": [], 
        "cuckoo": [
            "2021-07-12 04:47:38,866 [cuckoo.core.scheduler] INFO: Task #3: acquired machine cuckoo3 (label=cuckoo3)\n", 
            "2021-07-12 04:47:38,867 [cuckoo.core.resultserver] DEBUG: Now tracking machine 192.168.56.103 for task #3\n", 
            "2021-07-12 04:47:38,868 [cuckoo.core.plugins] DEBUG: Started auxiliary module: Replay\n", 
            "2021-07-12 04:47:38,878 [cuckoo.auxiliary.sniffer] INFO: Started sniffer with PID 2865 (interface=vboxnet0, host=192.168.56.103)\n", 
            "2021-07-12 04:47:38,879 [cuckoo.core.plugins] DEBUG: Started auxiliary module: Sniffer\n", 
            "2021-07-12 04:47:39,048 [cuckoo.machinery.virtualbox] DEBUG: Starting vm cuckoo3\n", 
            "2021-07-12 04:47:39,294 [cuckoo.machinery.virtualbox] DEBUG: Restoring virtual machine cuckoo3 to its current snapshot\n", 
            "2021-07-12 04:48:39,936 [cuckoo.core.guest] INFO: Starting analysis #3 on guest (id=cuckoo3, ip=192.168.56.103)\n", 
            "2021-07-12 04:48:40,954 [cuckoo.core.guest] DEBUG: cuckoo3: not ready yet\n", 
            "2021-07-12 04:48:41,972 [cuckoo.core.guest] DEBUG: cuckoo3: not ready yet\n", 
            "2021-07-12 04:48:42,993 [cuckoo.core.guest] DEBUG: cuckoo3: not ready yet\n", 
            "2021-07-12 04:48:43,009 [cuckoo.core.guest] INFO: Guest is running Cuckoo Agent 0.10 (id=cuckoo3, ip=192.168.56.103)\n", 
            "2021-07-12 04:48:43,048 [cuckoo.core.guest] DEBUG: Uploading analyzer to guest (id=cuckoo3, ip=192.168.56.103, monitor=latest, size=3884763)\n", 
            "2021-07-12 04:49:11,868 [cuckoo.core.guest] DEBUG: cuckoo3: analysis #3 still processing\n", 
            "2021-07-12 04:49:19,902 [cuckoo.core.database] ERROR: Database error logging guest start: (sqlite3.OperationalError) database is locked\n", 
            "[SQL: SELECT guests.id AS guests_id, guests.status AS guests_status, guests.name AS guests_name, guests.label AS guests_label, guests.manager AS guests_manager, guests.started_on AS guests_started_on, guests.shutdown_on AS guests_shutdown_on, guests.task_id AS guests_task_id \n", 
            "FROM guests \n", 
            "WHERE guests.task_id = ?\n", 
            " LIMIT ? OFFSET ?]\n", 
            "[parameters: (3, 1, 0)]\n", 
            "(Background on this error at: http://sqlalche.me/e/e3q8)\n", 
            "Traceback (most recent call last):\n", 
            "  File \"/usr/local/lib/python2.7/dist-packages/cuckoo/core/database.py\", line 737, in guest_get_status\n", 
            "    guest = session.query(Guest).filter_by(task_id=task_id).first()\n", 
            "  File \"/usr/local/lib/python2.7/dist-packages/sqlalchemy/orm/query.py\", line 3215, in first\n", 
            "    ret = list(self[0:1])\n", 
            "  File \"/usr/local/lib/python2.7/dist-packages/sqlalchemy/orm/query.py\", line 3007, in __getitem__\n", 
            "    return list(res)\n", 
            "  File \"/usr/local/lib/python2.7/dist-packages/sqlalchemy/orm/query.py\", line 3317, in __iter__\n", 
            "    return self._execute_and_instances(context)\n", 
            "  File \"/usr/local/lib/python2.7/dist-packages/sqlalchemy/orm/query.py\", line 3342, in _execute_and_instances\n", 
            "    result = conn.execute(querycontext.statement, self._params)\n", 
            "  File \"/usr/local/lib/python2.7/dist-packages/sqlalchemy/engine/base.py\", line 988, in execute\n", 
            "    return meth(self, multiparams, params)\n", 
            "  File \"/usr/local/lib/python2.7/dist-packages/sqlalchemy/sql/elements.py\", line 287, in _execute_on_connection\n", 
            "    return connection._execute_clauseelement(self, multiparams, params)\n", 
            "  File \"/usr/local/lib/python2.7/dist-packages/sqlalchemy/engine/base.py\", line 1107, in _execute_clauseelement\n", 
            "    distilled_params,\n", 
            "  File \"/usr/local/lib/python2.7/dist-packages/sqlalchemy/engine/base.py\", line 1248, in _execute_context\n", 
            "    e, statement, parameters, cursor, context\n", 
            "  File \"/usr/local/lib/python2.7/dist-packages/sqlalchemy/engine/base.py\", line 1466, in _handle_dbapi_exception\n", 
            "    util.raise_from_cause(sqlalchemy_exception, exc_info)\n", 
            "  File \"/usr/local/lib/python2.7/dist-packages/sqlalchemy/util/compat.py\", line 383, in raise_from_cause\n", 
            "    reraise(type(exception), exception, tb=exc_tb, cause=cause)\n", 
            "  File \"/usr/local/lib/python2.7/dist-packages/sqlalchemy/engine/base.py\", line 1244, in _execute_context\n", 
            "    cursor, statement, parameters, context\n", 
            "  File \"/usr/local/lib/python2.7/dist-packages/sqlalchemy/engine/default.py\", line 552, in do_execute\n", 
            "    cursor.execute(statement, parameters)\n", 
            "OperationalError: (sqlite3.OperationalError) database is locked\n", 
            "[SQL: SELECT guests.id AS guests_id, guests.status AS guests_status, guests.name AS guests_name, guests.label AS guests_label, guests.manager AS guests_manager, guests.started_on AS guests_started_on, guests.shutdown_on AS guests_shutdown_on, guests.task_id AS guests_task_id \n", 
            "FROM guests \n", 
            "WHERE guests.task_id = ?\n", 
            " LIMIT ? OFFSET ?]\n", 
            "[parameters: (3, 1, 0)]\n", 
            "(Background on this error at: http://sqlalche.me/e/e3q8)\n", 
            "2021-07-12 04:49:29,368 [cuckoo.core.database] ERROR: Database error logging guest start: (sqlite3.OperationalError) database is locked\n", 
            "[SQL: SELECT guests.id AS guests_id, guests.status AS guests_status, guests.name AS guests_name, guests.label AS guests_label, guests.manager AS guests_manager, guests.started_on AS guests_started_on, guests.shutdown_on AS guests_shutdown_on, guests.task_id AS guests_task_id \n", 
            "FROM guests \n", 
            "WHERE guests.task_id = ?\n", 
            " LIMIT ? OFFSET ?]\n", 
            "[parameters: (3, 1, 0)]\n", 
            "(Background on this error at: http://sqlalche.me/e/e3q8)\n", 
            "Traceback (most recent call last):\n", 
            "  File \"/usr/local/lib/python2.7/dist-packages/cuckoo/core/database.py\", line 754, in guest_set_status\n", 
            "    guest = session.query(Guest).filter_by(task_id=task_id).first()\n", 
            "  File \"/usr/local/lib/python2.7/dist-packages/sqlalchemy/orm/query.py\", line 3215, in first\n", 
            "    ret = list(self[0:1])\n", 
            "  File \"/usr/local/lib/python2.7/dist-packages/sqlalchemy/orm/query.py\", line 3007, in __getitem__\n", 
            "    return list(res)\n", 
            "  File \"/usr/local/lib/python2.7/dist-packages/sqlalchemy/orm/query.py\", line 3317, in __iter__\n", 
            "    return self._execute_and_instances(context)\n", 
            "  File \"/usr/local/lib/python2.7/dist-packages/sqlalchemy/orm/query.py\", line 3342, in _execute_and_instances\n", 
            "    result = conn.execute(querycontext.statement, self._params)\n", 
            "  File \"/usr/local/lib/python2.7/dist-packages/sqlalchemy/engine/base.py\", line 988, in execute\n", 
            "    return meth(self, multiparams, params)\n", 
            "  File \"/usr/local/lib/python2.7/dist-packages/sqlalchemy/sql/elements.py\", line 287, in _execute_on_connection\n", 
            "    return connection._execute_clauseelement(self, multiparams, params)\n", 
            "  File \"/usr/local/lib/python2.7/dist-packages/sqlalchemy/engine/base.py\", line 1107, in _execute_clauseelement\n", 
            "    distilled_params,\n", 
            "  File \"/usr/local/lib/python2.7/dist-packages/sqlalchemy/engine/base.py\", line 1248, in _execute_context\n", 
            "    e, statement, parameters, cursor, context\n", 
            "  File \"/usr/local/lib/python2.7/dist-packages/sqlalchemy/engine/base.py\", line 1466, in _handle_dbapi_exception\n", 
            "    util.raise_from_cause(sqlalchemy_exception, exc_info)\n", 
            "  File \"/usr/local/lib/python2.7/dist-packages/sqlalchemy/util/compat.py\", line 383, in raise_from_cause\n", 
            "    reraise(type(exception), exception, tb=exc_tb, cause=cause)\n", 
            "  File \"/usr/local/lib/python2.7/dist-packages/sqlalchemy/engine/base.py\", line 1244, in _execute_context\n", 
            "    cursor, statement, parameters, context\n", 
            "  File \"/usr/local/lib/python2.7/dist-packages/sqlalchemy/engine/default.py\", line 552, in do_execute\n", 
            "    cursor.execute(statement, parameters)\n", 
            "OperationalError: (sqlite3.OperationalError) database is locked\n", 
            "[SQL: SELECT guests.id AS guests_id, guests.status AS guests_status, guests.name AS guests_name, guests.label AS guests_label, guests.manager AS guests_manager, guests.started_on AS guests_started_on, guests.shutdown_on AS guests_shutdown_on, guests.task_id AS guests_task_id \n", 
            "FROM guests \n", 
            "WHERE guests.task_id = ?\n", 
            " LIMIT ? OFFSET ?]\n", 
            "[parameters: (3, 1, 0)]\n", 
            "(Background on this error at: http://sqlalche.me/e/e3q8)\n", 
            "2021-07-12 04:49:29,370 [cuckoo.core.plugins] DEBUG: Stopped auxiliary module: Replay\n", 
            "2021-07-12 04:49:29,416 [cuckoo.core.plugins] DEBUG: Stopped auxiliary module: Sniffer\n", 
            "2021-07-12 04:49:29,417 [cuckoo.machinery.virtualbox] DEBUG: Stopping vm cuckoo3\n", 
            "2021-07-12 04:49:41,321 [cuckoo.core.resultserver] DEBUG: Stopped tracking machine 192.168.56.103 for task #3\n", 
            "2021-07-12 04:49:41,832 [cuckoo.core.scheduler] DEBUG: Released database task #3\n", 
            "2021-07-12 04:49:42,168 [cuckoo.core.plugins] DEBUG: Executed processing module \"AnalysisInfo\" for task #3\n", 
            "2021-07-12 04:49:42,170 [cuckoo.processing.behavior] WARNING: Analysis results folder does not contain any behavior log files.\n", 
            "2021-07-12 04:49:42,171 [cuckoo.core.plugins] DEBU"
        ]
    }, 
    "strings": [
        "!This program cannot be run in DOS mode.", 
        "`.rsrc", 
        "@.reloc", 
        "\"333?4", 
        "BZj\u001f b", 
        "\u001f\u001f_\u001f\u001f_b", 
        "\u001f$.$+l", 
        "*>#333333", 
        "\u001fx\u001f-\u001f#\u001f#s", 
        "#333333", 
        "\u001fD\u001f sc", 
        "\u001f,\u001f((j", 
        "YZ\u001fd[X", 
        "YkZXi*", 
        "*SKINv1", 
        "\u001f0\u001f0sc", 
        "*\u001f \u001f sc", 
        "\u001fd*\u001fg*\u001fh*\u001fe*\u001ff*", 
        "Z\u001fd[X*", 
        "_\u001f\u001f_bh", 
        "\u001f1\u001f1sc", 
        "-I+P~H", 
        "\u001f6\u001f6\u001f6(", 
        "lSystem.Resources.ResourceReader, mscorlib, Version=2.0.0.0, Culture=neutral, PublicKeyToken=b77a5c561934e089#System.Resources.RuntimeResourceSet", 
        "PADPADP", 
        "lSystem.Resources.ResourceReader, mscorlib, Version=2.0.0.0, Culture=neutral, PublicKeyToken=b77a5c561934e089#System.Resources.RuntimeResourceSet", 
        "gSystem.Drawing.Point, System.Drawing, Version=2.0.0.0, Culture=neutral, PublicKeyToken=b03f5f7f11d50a3aPADPADP", 
        "frmAbout@", 
        "QSystem.Drawing, Version=2.0.0.0, Culture=neutral, PublicKeyToken=b03f5f7f11d50a3a", 
        "System.Drawing.Point", 
        "lSystem.Resources.ResourceReader, mscorlib, Version=2.0.0.0, Culture=neutral, PublicKeyToken=b77a5c561934e089#System.Resources.RuntimeResourceSet", 
        "hSystem.Drawing.Bitmap, System.Drawing, Version=2.0.0.0, Culture=neutral, PublicKeyToken=b03f5f7f11d50a3aPADPAD", 
        "AboutSN@", 
        "QSystem.Drawing, Version=2.0.0.0, Culture=neutral, PublicKeyToken=b03f5f7f11d50a3a", 
        "System.Drawing.Bitmap", 
        "GIF89a", 
        "NETSCAPE2.0", 
        ">z)>JJ", 
        "_z<VXax", 
        "i-(41*-VP", 
        "@$.4 x", 
        " %)ONd", 
        "J8x(UY", 
        "p\u001f6n3?", 
        "lSystem.Resources.ResourceReader, mscorlib, Version=2.0.0.0, Culture=neutral, PublicKeyToken=b77a5c561934e089#System.Resources.RuntimeResourceSet", 
        "PADPADP", 
        "AboutBox", 
        "lSystem.Resources.ResourceReader, mscorlib, Version=2.0.0.0, Culture=neutral, PublicKeyToken=b77a5c561934e089#System.Resources.RuntimeResourceSet", 
        "PADPADP", 
        "CHc^DW", 
        "Dock Bottom", 
        "Dock Left", 
        "Dock Right", 
        "Dock Top", 
        "Static", 
        "Uncheck", 
        "2Moves the vertical position down a couple of lines", 
        "6Moves the horizontal position left a couple of columns", 
        "7Moves the horizontal position right a couple of columns", 
        "0Moves the vertical position up a couple of lines", 
        "-Moves the horizontal position left one column", 
        ".Moves the horizontal position right one column", 
        "SIndicates the current horizontal position, and can be dragged to change it directly", 
        ")Moves the vertical position down one line", 
        "'Moves the vertical position up one line", 
        "QIndicates the current vertical position, and can be dragged to change it directly", 
        "Collapse", 
        "Expand", 
        "Sort ascending", 
        "Sort descending", 
        "Remove sorting", 
        "Data Panel", 
        "Collapse detail", 
        "Expand detail", 
        "Filter Row", 
        "Header Panel", 
        "NewItem Row", 
        "Row {0}", 
        "Activate", 
        "Collapse", 
        "Expand", 
        "Double Click", 
        "scroll bar", 
        "Page Down", 
        "Page Left", 
        "Page Right", 
        "Page Up", 
        "Column Left", 
        "Column Right", 
        "Position", 
        "Line Down", 
        "Line Up", 
        "Collapse", 
        "Expand", 
        "Scroll Down", 
        "Scroll Up", 
        "Alt+Down", 
        "Default Action", 
        "ScrollableControl", 
        "Spinner", 
        "Switch", 
        "Sort ascending", 
        "Sort descending", 
        "Remove sorting", 
        "Data Panel", 
        "Header panel", 
        "Collapse", 
        "Expand", 
        "Activate", 
        "lSystem.Resources.ResourceReader, mscorlib, Version=2.0.0.0, Culture=neutral, PublicKeyToken=b77a5c561934e089#System.Resources.RuntimeResourceSet", 
        "jSystem.CodeDom.MemberAttributes, System, Version=2.0.0.0, Culture=neutral, PublicKeyToken=b77a5c561934e089PADP", 
        "XtraFrame@", 
        "ISystem, Version=2.0.0.0, Culture=neutral, PublicKeyToken=b77a5c561934e089", 
        "\u001fSystem.CodeDom.MemberAttributes", 
        "value__", 
        "ISystem, Version=2.0.0.0, Culture=neutral, PublicKeyToken=b77a5c561934e089", 
        "\u001fSystem.CodeDom.MemberAttributes", 
        "value__", 
        "ISystem, Version=2.0.0.0, Culture=neutral, PublicKeyToken=b77a5c561934e089", 
        "\u001fSystem.CodeDom.MemberAttributes", 
        "value__", 
        "lSystem.Resources.ResourceReader, mscorlib, Version=2.0.0.0, Culture=neutral, PublicKeyToken=b77a5c561934e089#System.Resources.RuntimeResourceSet", 
        "jSystem.CodeDom.MemberAttributes, System, Version=2.0.0.0, Culture=neutral, PublicKeyToken=b77a5c561934e089gSystem.Drawing.Point, System.Drawing, Version=2.0.0.0, Culture=neutral, PublicKeyToken=b03f5f7f11d50a3aPADP", 
        "XtraPGFrame@", 
        "ISystem, Version=2.0.0.0, Culture=neutral, PublicKeyToken=b77a5c561934e089", 
        "\u001fSystem.CodeDom.MemberAttributes", 
        "value__", 
        "QSystem.Drawing, Version=2.0.0.0, Culture=neutral, PublicKeyToken=b03f5f7f11d50a3a", 
        "System.Drawing.Point", 
        "ISystem, Version=2.0.0.0, Culture=neutral, PublicKeyToken=b77a5c561934e089", 
        "\u001fSystem.CodeDom.MemberAttributes", 
        "value__", 
        "ISystem, Version=2.0.0.0, Culture=neutral, PublicKeyToken=b77a5c561934e089", 
        "\u001fSystem.CodeDom.MemberAttributes", 
        "value__", 
        "ISystem, Version=2.0.0.0, Culture=neutral, PublicKeyToken=b77a5c561934e089", 
        "\u001fSystem.CodeDom.MemberAttributes", 
        "value__", 
        "lSystem.Resources.ResourceReader, mscorlib, Version=2.0.0.0, Culture=neutral, PublicKeyToken=b77a5c561934e089#System.Resources.RuntimeResourceSet", 
        "PADPADP", 
        "Back Color", 
        "Back Color2", 
        "Border Color", 
        "Fore Color", 
        "Gradient Mode", 
        "Options", 
        "Text Options", 
        "Options", 
        "Use Back Color", 
        "Use Border Color", 
        "Use Font", 
        "Use Fore Color", 
        "Use Image", 
        "Use Text Options", 
        "High Priority", 
        "Default", 
        "Horizontal Alignment", 
        "Hotkey Prefix", 
        "Trimming", 
        "Vertical Alignment", 
        "Word Wrap", 
        "Character", 
        "Default", 
        "Ellipsis Character", 
        "Ellipsis Path", 
        "Ellipsis Word", 
        "Default", 
        "No Wrap", 
        "Button", 
        "Default", 
        "Smart Tag", 
        "Appearance", 
        "Condition", 
        "Expression", 
        "Value1", 
        "Value2", 
        "Between", 
        "Expression", 
        "Greater", 
        "GreaterOrEqual", 
        "LessOrEqual", 
        "NotBetween", 
        "NotEqual", 
        "Custom", 
        "Dash-Dot", 
        "Dash-Dot-Dot", 
        "Checked", 
        "Indeterminate", 
        "Unchecked", 
        "tEXtSoftware", 
        "Adobe ImageReadyq", 
        "|IDATx", 
        "z_Krpk,", 
        "DC6beI", 
        "sF'Z;v", 
        "f8H'f`", 
        "Kae<Ni", 
        "!P9(&'$", 
        "> wbsF>}`", 
        "G\u001f}4X'", 
        "C 'iDQ]", 
        "Iiz^8C", 
        "{n%aC|", 
        ",xt@\\/W o", 
        "h\"=jo9tC", 
        "V0_ Z`", 
        ";q[B,}", 
        " rme\\PE", 
        "r fpJ?", 
        "BCmh8k", 
        "SW^y%l", 
        ":~81EV", 
        "64]\u001f'h", 
        "i3?STA*", 
        "L8`]]e", 
        "DZfv8}", 
        "?.E(E<Cu", 
        "_@<c!,", 
        "L(DVO>", 
        "G\u001f5|z_", 
        ".$QEb#", 
        "f`s%3$", 
        "\"~sztn&", 
        "L>qWpb:", 
        "^x!R%`'", 
        "*03\u001fv\u001fx", 
        "I!9fiR", 
        "l(~v>o63", 
        "p3c'Yf", 
        "^aTm`%", 
        "\\]uW56", 
        "]4P}Be", 
        "xb8wP=", 
        "Uc-S],", 
        "O`SW+s", 
        ")H)MyHNv", 
        "![:ygd@", 
        "H+055ECqcYgVi)", 
        "3Nwlv;", 
        "pjOb~g", 
        "\u001f$`gIM", 
        "f0e)vbn", 
        "!rAc9=(", 
        "&S9r)H", 
        "i2q\"Lf^", 
        "uN%kc!U", 
        "ot?19C", 
        "4-T)]U", 
        "%26Mh]", 
        "Gci#Sc9", 
        "l@{oOS", 
        "2*|~jM", 
        "Yb|D/:", 
        "E9>_&e", 
        "`H0`H0`H0`H0`H0`H0`H0`H0`H0", 
        "`H0`H0`H0`H0`H0`H0`H0`H0`H0", 
        "`H0`H0`H0`H0`H0", 
        "`H0`H0`H0`H0`H0", 
        "DDCAB!+", 
        "!!!!!!!!!", 
        ",,,,,,,,,", 
        "@@@@@@@@@@MMMMMMF99999999F", 
        "M==========", 
        "NNNNNNNNNN", 
        "LKKKKKKKKN", 
        "LLLLLLLLLL", 
        "9:H78G 6F453", 
        "<\";JK:HI8G 6", 
        "$?>#<=;JKH78", 
        "C%@AL?><<;J!", 
        "DENBCMQA?", 
        "PS&ORENCC@A$", 
        "................/", 
        "11111111111111", 
        "gb\\XYSRRQO", 
        "of`_dc]^[T", 
        "IBCJWeilhm", 
        "13,4;HZajn", 
        "08Fk?:9@EM", 
        "/Dwxv=+2.5", 
        "Ayzu<)'* ", 
        "C$BTUARS@Q#", 
        "&FE%CDBTUR?", 
        "J'GHVFECCBT", 
        "KLXIJW\\HF", 
        "Z^)Y]LXJJGH", 
        "aMN*Z[)KLXI", 
        "M_*Z()Y", 
        "df,cOP", 
        ";=;;>\"< !:\u001f", 
        "]ghijlnopqY", 
        "ACAAD'B%&@$#><:", 
        "\"#$%&'()*+,-./", 
        "styz{|wx~", 
        "=<\"!;:8", 
        "Cn)j$r\u001f0", 
        "6~aJ&HF+A>(%", 
        "8}eMD?'# 97", 
        "\u001fuVTONLK-I,EC@*(hv", 
        "P\\ZYWUfcbHG^mk", 
        "20/-&%#\" ", 
        "=;364/,*", 
        "BA@><985)(+", 
        "wNMedcHGaa", 
        "WTQOfKJI_Cb", 
        "\\pZYjVSgFEK", 
        "|zr]q[lkiUR", 
        "wwwwww", 
        "wwwwwww", 
        "wwwwwww", 
        "wwwwww", 
        ":9('&%$!#\" ", 
        "$+6rcW_`aUVZ", 
        "&DfWXaU^[]Y", 
        ")Kjgh7", 
        "g5b8WnTc", 
        "keqg67", 
        "EQR2NLOPM/-.,HFJG", 
        "GIF89a", 
        ")Tha*)", 
        "orX#ep", 
        "H#hX3|#", 
        "d&C>_-", 
        "R0*(9Rm", 
        "2.5iK[", 
        "%>q$Lb", 
        "}& e9Va7", 
        "\\%*-T ns", 
        ",v2TLL", 
        "A?r3Gw", 
        "6]S7}S9", 
        "N<QA=Q", 
        "_5NbMTc", 
        "e1{z[[", 
        "Z@&UA.", 
        "GIF89a", 
        "NETSCAPE2.0", 
        "lIDATx^", 
        "KaW7I%", 
        "LO A((", 
        ")+\"kS$", 
        "tJGPiQ", 
        "Kk%JHP", 
        "}~!Zb)!", 
        "[VH`@L", 
        "T2iQ7q", 
        "S$@~6.?", 
        "2p.SlX", 
        "V&(zp#", 
        "!)\"re%\u001f", 
        "FIDATx^", 
        "09+zM5", 
        ";@:o|]", 
        "v4ef3'", 
        "tk9?)z", 
        "uuuppp", 
        "jjjeee<", 
        "yyyaaa[[[ e", 
        "$IDATx^", 
        ".'7obr", 
        "IDATx^", 
        "b!H3hE", 
        "8$'% q", 
        "v$'52.", 
        "|JDCppk", 
        "U1-:1.", 
        ".IDATx^", 
        "[<YbkI", 
        "kIDATx^", 
        "&loe-o!", 
        "[Nx4+~y", 
        "~G5U:  AY", 
        "yGhnl/", 
        "+g@-g[HS", 
        "gmKYwi", 
        "J3IY,6", 
        "i\u001f-&:9uu", 
        "QN{i*6", 
        "IDATx^", 
        "F@DDDDDDDDDDDDDDDDDDDDDDDDD4", 
        "KIDATx^", 
        "9q8pWgs-", 
        "IDATx^", 
        "45H$ARI", 
        "15p+2!jND", 
        "g~H\\\\ '", 
        "O?5*4b", 
        "-miI6.s", 
        "\\aE^uL0", 
        "+.r\"s: ", 
        "tYU;l7", 
        ":L,KMBZ", 
        "<5W$Ss", 
        "Sw=m'7", 
        "6u7FmU", 
        "-%^@YN", 
        "Nl,0j`` ", 
        "\\g1KjF", 
        "Ja\"SCh", 
        "_lub>6", 
        "uV\\f_sE5", 
        "/E3rLi", 
        "@P\u001fo@S", 
        "7Po40^o", 
        "NTjU\\v", 
        "i,AC(4", 
        "VfB0wx", 
        "W^v>6<", 
        "![yz2c", 
        "Yfq 5q", 
        "hFX%I0~d", 
        "+&Z3@}", 
        "{pCa}0", 
        "n3uV^{", 
        "hhT`TM", 
        "LLv'#.6", 
        "\\Zr\\h$p/", 
        "!U1}(f>", 
        "^pEeIt", 
        "QSJjT'", 
        "2MBctJD", 
        "cG0:6j_", 
        "Xhiw\\<", 
        "pqD(<q", 
        "E51ME5", 
        "Z !:e~{B", 
        "B[1UBC(4D", 
        "wv&Z}P", 
        "DfzC!B", 
        "^\\g\"b3", 
        "M/cLUgk/nB", 
        "OchpbE", 
        "FWj\"3Hh", 
        "IDATx^", 
        ";1:p1@", 
        "8P:g\"<n", 
        ".MAAN&T", 
        ".IDATx^", 
        "=Px%Qx", 
        "uspt)-", 
        "-S\\w+mG^", 
        "!yVUw/", 
        "qOi^fQ}", 
        "+P~xd\"", 
        "IDATx^", 
        "#IDATx^", 
        "IDATx^", 
        "G8uuu}|", 
        "FuBbbi", 
        "pwm2C-", 
        "8IOZ<@|", 
        "@bJ+~A", 
        "P\\7b}P", 
        "o!!;u@>", 
        "llluuu", 
        "kkk|||", 
        "dddzzziiibbb", 
        "\\\\\\xxxpppWWWSSS", 
        "IDATx^", 
        "IDATx^", 
        "Suu5{?", 
        "+5X~F5X", 
        "T\u001f=~*p", 
        ".6.~Hr", 
        "\\]XJ[}X", 
        "x$G<-_y", 
        "2#$$dN", 
        ",]3;,,dNBB\\JtT", 
        "4'<<2%", 
        ">DuyMM", 
        "<79%ea", 
        "sP'CXJ", 
        "0edGh~", 
        "R2JHOK", 
        "Ma\\A\"p", 
        "J76%5%15", 
        "sHHbxD", 
        "u_c{Xi_B", 
        "=p(*$oO", 
        "CJ\\XRII", 
        "D2B_V@", 
        "@\u001fU1DG", 
        "+}ak|`", 
        "cdT4)C", 
        "^$oDJO", 
        "B6d<%[", 
        "R7AF%9%", 
        "%\u001fx>SYZ", 
        "5&!-hq", 
        "-&5]AH", 
        ".o^uAN\u001f", 
        "ur pn9", 
        "$yFM?s2", 
        "h?{d&d", 
        "G'%ju@", 
        " Kk<y&", 
        "!R)muN", 
        "SGmDx8Ur", 
        "mx*%o>", 
        " $\u001fz(*", 
        "}JFz::t", 
        "Pld(44", 
        "bA<Tj-", 
        "ij\\tX\"", 
        "9Gsjp=", 
        "erzrlt", 
        "44E1fL", 
        "e<bn&#", 
        "\u001f1Z r;", 
        "GGM\\4o", 
        "IDATx^", 
        "P?C)E9AQ:", 
        "4Psl@&", 
        "NSU08h", 
        "w(ri|~", 
        "Ko+--\u001f", 
        "Dqg{Oq[s", 
        "dyyYI0", 
        "AvMwwoq[GGqKK", 
        "CNA1PY", 
        "wo9~;F", 
        "FqOKvA", 
        "q3pR=V", 
        ":->%Nc", 
        "UWA3tP", 
        "ZPXt<Z8", 
        "pH$Vrb", 
        "Es&04$", 
        "7rtyiqt", 
        "*O(++9", 
        "4`|v>~;", 
        "n8,N3Z", 
        "XkU3@a", 
        "zHj-\\K8", 
        "?WTTM/,*e^}", 
        "0AqUg4", 
        "^\\^Z:|", 
        "3os-RY", 
        "pDEtXM", 
        "So[ jV", 
        "|ERNU<", 
        "+1-NY.", 
        ")P6|,2", 
        "@6WtZW", 
        "W5A|m3$", 
        "\\]^VZ;lp", 
        "PPm0V^|", 
        "n}xPaA", 
        "h|Tc8t", 
        "9=]7?t", 
        "k/f1+snW", 
        ">u' Dc", 
        "aCuss3;", 
        "W9!X:z", 
        "K@&3 Hv", 
        " F?^GA", 
        "^TPH-O", 
        "Fah]eU\"", 
        "s'l7bD", 
        "\u001fSF'v'`j", 
        "}':WV|", 
        "2RB/kjiw", 
        "],>jww", 
        "=u3Wh+", 
        "B}IRM~", 
        "w+E9O~~", 
        "@r@&;A", 
        "D-m|&D", 
        "MaBO205", 
        "fE#Q0Vn`", 
        "TUV@Eq.u", 
        "@2-gMSd", 
        "4455\u001f>", 
        "pYgY[&TLf", 
        "{!/rlnN", 
        "7\\pq~Q", 
        "oz`PII", 
        "&L`H\\W", 
        "F+wZpv'[", 
        "=|hniN", 
        "FV7@wQ", 
        "^9?#[`", 
        "%b|!bqH", 
        "9^\"{L`\"i", 
        ";d$h=]", 
        "E/c@\\w", 
        "\"~(-p*B6", 
        "UYt\\]m", 
        "gQy5tnX", 
        "'IBO/@@", 
        "*xknT@", 
        ">R\\=!PP~9", 
        "t0FTS5", 
        "LFI<Yr", 
        "cJMiL^", 
        "CPQZ(/", 
        "w@1Q'L", 
        ":UdF7O9", 
        "`cJn_~", 
        "P\"*@A{", 
        "=JWUmq\"", 
        "<vNggG&b", 
        "YQ\\VX>", 
        "*Sce5u", 
        "}'.=YE", 
        "^6-DtN", 
        "s8VX{-", 
        "1P3[)g", 
        "Fz+;>$", 
        "5P9j(L", 
        "LvAAq>m", 
        "tuuC(X", 
        "kP|Cej", 
        "+JtwtB", 
        " )4Hla", 
        "TTWAnq", 
        "0AHOo\\x", 
        "ir/C+Q", 
        "/8jj;{]B'", 
        "T6AS,KBp", 
        "[Ak>z$", 
        "E$knwy", 
        "6sC3bW", 
        "duAqQ1", 
        ".'kJbp", 
        "s(?dZy", 
        "Q{\u001f4jh", 
        "i3@SV!", 
        "M]MV(BW", 
        "PA)>g!", 
        "Kt_Xlb", 
        "&AQn!x%\u001fs", 
        "kdwLSg", 
        "4EK5\u001fp", 
        "!x*,87", 
        "4VSGL\u001f", 
        "u8$$NO", 
        "TW8u~'", 
        "33_),(", 
        "F<8V|xU", 
        "Hv:EQ`", 
        "DrZGs&", 
        "x;sm,+", 
        "60!p*9", 
        "y%,OU^", 
        "dUxjae", 
        "<*A&(Q", 
        "/E0g1hU%", 
        "(1aRL2Wp", 
        ">PX{qa", 
        "Zzn8B&", 
        "% eM#s/", 
        "bS%E&8", 
        "Ze.jiN", 
        "iwANawsSKn[[", 
        "S~9q,*)A", 
        "fpe@t}", 
        "~sZn&m", 
        ",RY?5s", 
        "@`G}}=", 
        "`7E-/#d", 
        "``1I4a", 
        "7xCAa~", 
        "E6AcE%", 
        "XOZ Mw", 
        "2[p80l", 
        "\u001fv*CC=I", 
        "@2BAP.", 
        "1`Tou*", 
        "S!?Q8GB", 
        "u7>1.j", 
        "\\;z;>;XW", 
        "]>Xvh_", 
        "aIcM(r*$", 
        "Vy#,<U", 
        "ASa10J\\Sq", 
        "vVvR+N", 
        "?/mPvd;L\u001f", 
        "MI$tK[", 
        "Rsrr4|", 
        "y;el?M", 
        "<\\<%=)", 
        "7!`*(6", 
        "wDh.A8", 
        "O>{VFz", 
        "(4)VWF", 
        "*\\pBrLa", 
        "/s\"Kk#", 
        "mz3%5}zf", 
        "X-7www", 
        "L!|O8B", 
        ".Yt(;7oQ", 
        "1.*%Tg", 
        "cpraa.", 
        "W\u001fP**Z", 
        "zOoG?8]", 
        "dM/,51A", 
        "Bl?iPe", 
        ":s2e~%", 
        "EsIgiJ", 
        "/lmTWq", 
        "M-}(|h", 
        "opN/.-.0", 
        "O\\kR\u001fY", 
        "dueM01", 
        "(cGC61", 
        "9Z]_Uu", 
        "k*@Vc}uU", 
        "koUW._", 
        " ?;%?/", 
        "u{kkk>", 
        "A4ki5E", 
        "S!}B:dN", 
        "?5edfN", 
        "6f)c\"ifA", 
        "*UU5[k", 
        "SxFaavQ6", 
        "qeMTy*", 
        "QkH3u)K", 
        "MT^KeX,,", 
        "@ ua^f", 
        "f}),J#", 
        "j+5[,98vR", 
        "[\\6'=3g", 
        "]=][U=", 
        "s.*w'&", 
        "\\w<TQ,", 
        "`J%'8U", 
        "SKINv1", 
        "reports\\bandheaderlevel1.png", 
        "IDATx^", 
        "editors\\zoomtrackbarzoomoutbutton.png", 
        "IDATx^", 
        "#?FAE=", 
        "'\"OD28", 
        "printing\\pageborder.png", 
        "IDATx^", 
        "Fl%v:6", 
        "Fl%v:6", 
        "common\\grouppanelcaptionleft.png", 
        "IDATx^", 
        "editors\\radiobutton.png", 
        "6IDATx^", 
        "P3LKg7", 
        "form\\formbuttonmdiminimize_glyph.png", 
        "JIDATx^", 
        " sK(37sG", 
        "scheduler\\navbuttonnextarrow.png", 
        "|IDATx^", 
        "editors\\trackbarthumbboth.png", 
        "IDATx^", 
        "yu0}J`\\", 
        "ribbon\\largesplitbutton.png", 
        "IDATx^", 
        ":k++;;[KKKK;;", 
        "ribbon\\tabheaderbackground.png", 
        "@IDATx^", 
        "j}(88888", 
        "scheduler\\appointmentsamedayleftborder.png", 
        "8IDATx^", 
        "editors\\progressborder.png", 
        ">IDATx^", 
        "awvwfw", 
        ".:;m1'", 
        "editors\\spinup.png", 
        "IDATx^", 
        "{f!~{-", 
        "ribbon\\popupgallerygroupcaption.png", 
        "PIDATx^]", 
        "richedit\\cornerpanel.png", 
        "IDATx^m", 
        "9effff", 
        "grid\\cardcaptionselected.png", 
        "NIDATx^", 
        "tab\\tabpagebutton.png", 
        "IDATx^", 
        "!AP;iO;", 
        "grid\\plusminus.png", 
        "tIDATx^}", 
        "scheduler\\headervertical.png", 
        "<IDATx^", 
        "form\\formcaption.png", 
        "PLTElWL", 
        "IDATx^", 
        "scheduler\\headerselected.png", 
        "YIDATx^M", 
        "common\\splitter_glyph.png", 
        "IDATx^", 
        "@ %`Vh,{[~", 
        "@ %`Vh", 
        "form\\formbuttonhelp_glyph.png", 
        "xIDATx^", 
        "grid\\filterbutton.png", 
        "IDATx^", 
        "navpane\\overflowpanel.png", 
        "IDATx^", 
        "editors\\rangetrackbarleftthumb.png", 
        "@IDATx^", 
        "?wfny;N\\\\x|", 
        "rajRZsnq", 
        "reports\\sliderselected_glyph.png", 
        "&IDATx^", 
        "ribbon\\contexttabcategory2.png", 
        "IDATx^", 
        "common\\groupexpandbutton.png", 
        "cIDATx^", 
        "form\\formframeleft.png", 
        "*PLTElWL", 
        "$IDATx^", 
        "bars\\mainmenu.png", 
        "YIDATx^M", 
        "common\\grouppanelcaptionbottom.png", 
        "iIDATx^M", 
        "grid\\header.png", 
        "+IDATx^u", 
        "scheduler\\appointmentleftborder.png", 
        "IDATx^", 
        "G@5e:>", 
        "navpane\\splitter_glyph.png", 
        "/IDATx^", 
        "reports\\rulerbackground.png", 
        "IDATx^", 
        "editors\\checkbox.png", 
        "=IDATx^", 
        "grid\\cardclosebutton.png", 
        "IDATx^", 
        "common\\scrollthumbbutton_glyph.png", 
        "GIDATx^", 
        "ribbon\\quicktoolbarbelowbackground.png", 
        "oIDATx^m", 
        "bars\\barcustomizevertical.png", 
        ",IDATx^", 
        "4On.o+", 
        "form\\formbuttonmdiclose_glyph.png", 
        "IDATx^", 
        "scheduler\\morebutton_glyph.png", 
        "ZIDATx^", 
        "ribbon\\tabpanelgroupbody.png", 
        "(IDATx^", 
        "GI!B/)", 
        "editors\\zoomtrackbarzoominbutton.png", 
        "IDATx^", 
        "grid\\cardcaption.png", 
        "IDATx^", 
        "reports\\componenttraybackground.png", 
        "YIDATx^M", 
        "form\\formmdibar.png", 
        ".IDATx^", 
        "bars\\popupmenulinkselected.png", 
        "IDATx^", 
        "Lkty,~2", 
        "editors\\progresschunk.png", 
        "IDATx^", 
        "editors\\spindown.png", 
        "IDATx^", 
        "?}`@E0\"", 
        "/mos4 1", 
        "bars\\barseparator.png", 
        "\"IDATx^", 
        "editors\\navigator.png", 
        "IDATx^", 
        "1?cP,w", 
        "}(wWg?", 
        "ribbon\\gallerybuttondropdown.png", 
        "IDATx^", 
        "~|/a^x", 
        "navpane\\groupbutton.png", 
        "4IDATx^", 
        "zl@9: ", 
        "bars\\popupmenuseparator.png", 
        "IDATx^", 
        "ribbon\\separator.png", 
        "\u001fIDATx^", 
        "form\\formbuttonhelp.png", 
        "IDATx^", 
        "\u001f\" ;t.", 
        "ribbon\\buttongroupseparator.png", 
        "IDATx^m", 
        "editors\\spinright.png", 
        "IDATx^", 
        "ribbon\\contexttabcategoryseparator.png", 
        "MIDATx^", 
        "form\\formbuttonmdiclose.png", 
        "IDATx^", 
        "navpane\\scrolldownbutton_glyph.png", 
        "CIDATx^", 
        "ribbon\\popupgalleryfilterpanel.png", 
        "IDATx^", 
        "navpane\\expandbutton.png", 
        "IDATx^", 
        "Q;Dlw;", 
        "scheduler\\appointmentsamedaycontent.png", 
        "IDATx^", 
        "ribbon\\contexttabpanel.png", 
        "IDATx^", 
        "U67s?9s", 
        "reports\\rulersection.png", 
        "IDATx^u", 
        "form\\smallformbuttonclose.png", 
        "nIDATx^", 
        "~;<1:|fhd", 
        "C!4G\"Z", 
        "form\\formbuttonmdirestore.png", 
        "IDATx^", 
        "tab\\tabheaderbutton.png", 
        "`IDATx^", 
        "@74T+k", 
        "l3FVK%", 
        "bars\\barverticalseparator.png", 
        "!IDATx^", 
        "reports\\cornerpanel_glyph.png", 
        "\\IDATx^", 
        "ribbon\\tabheaderpage.png", 
        "zIDATx^", 
        "3CO;q-", 
        "reports\\pageborder.png", 
        "|IDATx^", 
        "W$##m|", 
        "dn'tTA", 
        "bars\\popupmenuexpandbutton.png", 
        "YIDATx^M", 
        "common\\grouppanelright.png", 
        "4IDATx^", 
        "scheduler\\rulerhourline.png", 
        "6IDATx^", 
        "vgrid\\categorybutton.png", 
        "LIDATx^", 
        "^yoT4 ", 
        "U3E^eb", 
        "$%m}3IJ", 
        "common\\scrollshaftvert.png", 
        "UIDATx^", 
        "form\\formbuttonclose_glyph.png", 
        "IDATx^", 
        "{ $&-c\"F", 
        "docking\\tabheaderline.png", 
        "IDATx^", 
        "ribbon\\gallerybuttondown_glyph.png", 
        "jIDATx^", 
        "u$\";?!", 
        "navpane\\groupclientwithborder.png", 
        "8IDATx^", 
        "scheduler\\navbuttonprev.png", 
        "IDATx^", 
        "bars\\dockwindowbuttonspressed.png", 
        "IDATx^", 
        "editors\\calendarnavigationbutton_glyph.png", 
        "wIDATx^", 
        "bars\\popupmenuexpandbutton_glyph.png", 
        "1IDATx^}", 
        "form\\formbuttonminimize_glyph.png", 
        "OIDATx^", 
        "common\\backbutton.png", 
        "_IDATx^", 
        "|>\u001f$.(", 
        "W_Shc\"", 
        "jlD0/\u001f", 
        ")ASc10{", 
        "Drqy29", 
        ">96Z0;5", 
        "common\\button.png", 
        "IDATx^", 
        "C/$TC^", 
        "W!yz(C", 
        "''xymGr", 
        "form\\formbuttonmaximize.png", 
        "IDATx^", 
        "\u001f\" ;t.", 
        "bars\\expandbuttonglyph_glyph.png", 
        "MIDATx^", 
        "form\\smallformbuttonhelp.png", 
        "IDATx^", 
        "\u001f\" ;t.", 
        "ribbon\\buttongroupsplitbutton.png", 
        "IDATx^", 
        "J-Ft1M", 
        "grid\\headerright.png", 
        "IDATx^", 
        "]D%Bx\u001f", 
        "ribbon\\appmenubackgroundbottom.png", 
        "IDATx^", 
        "ribbon\\keytipwindow.png", 
        "IDATx^", 
        "common\\caramelloading.gifGIF89a0", 
        "NETSCAPE2.0", 
        "XMP DataXMP<?xpacket begin=\"", 
        "\" id=\"W5M0MpCehiHzreSzNTczkc9d\"?> <x:xmpmeta xmlns:x=\"adobe:ns:meta/\" x:xmptk=\"Adobe XMP Core 5.0-c060 61.134777, 2010/02/12-17:32:00        \"> <rdf:RDF xmlns:rdf=\"http://www.w3.org/1999/02/22-rdf-syntax-ns#\"> <rdf:Description rdf:about=\"\" xmlns:xmpMM=\"http://ns.adobe.com/xap/1.0/mm/\" xmlns:stRef=\"http://ns.adobe.com/xap/1.0/sType/ResourceRef#\" xmlns:xmp=\"http://ns.adobe.com/xap/1.0/\" xmpMM:OriginalDocumentID=\"xmp.did:4223BD9DC206E011B99492ABE1E537BA\" xmpMM:DocumentID=\"xmp.did:225703570D0C11E08F698BA185AA772F\" xmpMM:InstanceID=\"xmp.iid:225703560D0C11E08F698BA185AA772F\" xmp:CreatorTool=\"Adobe Photoshop CS5 Windows\"> <xmpMM:DerivedFrom stRef:instanceID=\"xmp.iid:ADB8CA640B0DE011AB9FA102E5B117B9\" stRef:documentID=\"xmp.did:4223BD9DC206E011B99492ABE1E537BA\"/> </rdf:Description> </rdf:RDF> </x:xmpmeta> <?xpacket end=\"r\"?>", 
        "~}|{zyxwvutsrqponmlkjihgfedcba`_^]\\[ZYXWVUTSRQPONMLKJIHGFEDCBA@?>=<;:9876543210/.-,+*)('&%$#\"! \u001f", 
        ":oQXcP", 
        "(Vh^1N", 
        "%>AT$y", 
        "j-\"a60", 
        "QC0jDR", 
        "form\\smallformbuttonmaximize_glyph.png", 
        "mIDATx^", 
        "cm*&?B", 
        "navpane\\overflowpanelitem.png", 
        ":IDATx^", 
        "{.~^Kh", 
        "ribbon\\tabpanelgroupminimizedglyph.png", 
        "IDATx^", 
        "ribbon\\buttonarrow.png", 
        "^IDATx^e", 
        "bars\\bardrag.png", 
        "IDATx^", 
        "ptRQoV", 
        "editors\\spinleft.png", 
        "IDATx^", 
        "[Cbmdw", 
        "ribbon\\buttongroupbutton.png", 
        "IDATx^", 
        "gWy~$.", 
        "-5@b(z-", 
        "scheduler\\headeralternate.png", 
        "IDATx^", 
        "*8f88%", 
        "bars\\barcustomize.png", 
        "OIDATx^", 
        "form\\smallformbuttonminimize.png", 
        "IDATx^", 
        "\u001f\" ;t.", 
        "scheduler\\headeralternateselected.png", 
        "IDATx^M", 
        "navpane\\collapsedgroupclient.png", 
        "IDATx^U", 
        "Q6hQN\"]6", 
        "bars\\barcustomizevertical_glyph.png", 
        "EIDATx^", 
        "common\\scrollbutton.png", 
        "^IDATx^", 
        "T]:th;t", 
        "ribbon\\leftscrollbutton.png", 
        "IDATx^", 
        "navpane\\overflowpanelexpanditem_glyph.png", 
        "vIDATx^", 
        "Uum1,[O", 
        "richedit\\rulerindent.png", 
        "IDATx^}", 
        "ribbon\\gallerybuttondown.png", 
        "IDATx^", 
        ">*wM9T", 
        "ribbon\\popupgallerybutton.png", 
        "IDATx^", 
        "<`DVM`", 
        "scheduler\\alldayarea.png", 
        "IDATx^", 
        "reports\\bandheaderlevel0.png", 
        "IDATx^}", 
        "ribbon\\rightscrollbutton_glyph.png", 
        "IIDATx^", 
        "form\\smallformbuttonrestore.png", 
        "IDATx^", 
        "\u001f\" ;t.", 
        "editors\\progresschunkvert.png", 
        "IDATx^", 
        "ribbon\\gallerypane.png", 
        "IDATx^", 
        "ribbon\\quicktoolbarincaptionbackground.png", 
        "IDATx^", 
        "F7D]W!|", 
        "docking\\dockwindowbutton.png", 
        "IDATx^", 
        "editors\\calendarnavigationbutton.png", 
        "#IDATx^", 
        "c&Z\"?Wn", 
        "ribbon\\quicktoolbarincaptionbackground2010.png", 
        "IDATx^", 
        "F7D]W!|", 
        "reports\\rulerrightmargin.png", 
        "&IDATx^", 
        "scheduler\\rulerheader.png", 
        "IDATx^", 
        "$&`-;t", 
        "#7j'kN", 
        "docking\\dockwindowcaption.png", 
        "IDATx^", 
        "ribbon\\tabpanel.png", 
        "oIDATx^u", 
        "mPl@s7", 
        "docking\\floatingwindowcaption.png", 
        "IDATx^U", 
        "grid\\viewcaption.png", 
        "7IDATx^", 
        "navpane\\caption.png", 
        "IDATx^", 
        "common\\splitterhorz_glyph.png", 
        "zIDATx^", 
        "bars\\linkborderpainter.png", 
        "IDATx^", 
        "editors\\spinright_glyph.png", 
        "]IDATx^", 
        "richedit\\verticalrulerbackground.png", 
        "<IDATx^", 
        "common\\dropdownbutton2_glyph.png", 
        "IDATx^", 
        "ribbon\\formframeright.png", 
        "IDATx^", 
        "ribbon\\quicktoolbarglyph_glyph.png", 
        "RIDATx^", 
        "form\\formframebottom.png", 
        "fPLTElWL", 
        "HIDATx^", 
        "ribbon\\tabheaderbackground2010.png", 
        "CIDATx^", 
        "navpane\\navpaneformborder.png", 
        "IIDATx^", 
        "navbar\\groupclosebutton.png", 
        "IDATx^", 
        "navbar\\scrolldownbutton_glyph.png", 
        "MIDATx^", 
        "grid\\plusminusex.png", 
        "IDATx^u", 
        "common\\dropdownbutton2.png", 
        "IDATx^", 
        "93v<QD", 
        "scheduler\\headerresource.png", 
        "[IDATx^U", 
        "grid\\footercell.png", 
        "hIDATx^", 
        "grid\\fieldheaderbutton_glyph.png", 
        "<IDATx^", 
        "common\\dropdownbutton1.png", 
        "IDATx^", 
        "3o=!9<", 
        "[0uu\"\\nO%", 
        "navbar\\scrollupbutton.png", 
        "2IDATx^", 
        "form\\smallformbuttonmaximize.png", 
        "IDATx^", 
        "\u001f\" ;t.", 
        "bars\\popupmenucheck.png", 
        "CIDATx^", 
        "bars\\popupmenusplitbutton2.png", 
        "IDATx^", 
        "ccc[[C", 
        "ribbon\\tabpanelgroupminimized.png", 
        "IDATx^", 
        "reports\\bandheaderselected.png", 
        "IDATx^", 
        "ribbon\\statusbarformbackground.png", 
        "IDATx^", 
        "scheduler\\header.png", 
        "[IDATx^U", 
        "common\\scrollthumbbutton.png", 
        "IDATx^", 
        "3Euql(X", 
        "4?=~\"\\", 
        "editors\\spindown_glyph.png", 
        "bIDATx^", 
        "navpane\\scrolldownbutton.png", 
        "IDATx^", 
        "<7pzXTOA)", 
        "5=-ZI]", 
        "bars\\popupmenusidestrip.png", 
        "$IDATx^", 
        "bars\\bardragvertical.png", 
        "IDATx^", 
        "k ptJP", 
        "reports\\rulerselection.png", 
        "lIDATx^", 
        "navpane\\scrollupbutton.png", 
        "IDATx^", 
        "<7pzXTOA)", 
        "5=-ZI]", 
        "common\\layoutitembackground.png", 
        "IDATx^", 
        "ribbon\\splitbutton.png", 
        "IDATx^", 
        ":k++;;[KKKK;;", 
        "ribbon\\leftscrollbutton_glyph.png", 
        "KIDATx^", 
        "form\\smallformbuttonclose_glyph.png", 
        "IDATx^", 
        ".#@#o2", 
        ".#@#o:", 
        "grid\\cardopenbutton.png", 
        "+IDATx^", 
        "qENB.?N", 
        "richedit\\rulerindentbottom.png", 
        "jIDATx^", 
        "scheduler\\headerresourcevertical.png", 
        "<IDATx^", 
        "ribbon\\statusbarbackground.png", 
        "IDATx^", 
        "scheduler\\appointmentnorightborder.png", 
        "IDATx^", 
        "bars\\dockwindowbuttons.png", 
        "IDATx^", 
        "grid\\indicatorimages.png", 
        "t\\Nt\\N", 
        "set\\Nt\\Nt\\NyaSt\\Nt\\N", 
        "wft\\Nt\\N", 
        "tct\\Nt\\Nt\\Nt\\Nu]Ow_Qt\\N", 
        "tdt\\Nt\\N{dVt\\Nt\\N", 
        "IDATx^", 
        "bars\\floatingbar.png", 
        "JIDATx^M", 
        "navpane\\navpaneformsizegrip.png", 
        "BIDATx^", 
        "ribbon\\tabpanelgroupbutton.png", 
        "IDATx^", 
        "cF(RWHX$", 
        "L!IJ3)\"", 
        "editors\\closebutton.png", 
        "[IDATx^", 
        "scheduler\\appointment.png", 
        "IDATx^", 
        "y~|L*aJ5h", 
        "2%y=GL", 
        "[k\u001f1}kM2", 
        "form\\smallformbuttonrestore_glyph.png", 
        "IDATx^", 
        "pa&3,a", 
        "YKn2X7", 
        "editors\\spinleft_glyph.png", 
        "\\IDATx^", 
        "reports\\bandbuttonselected.png", 
        "IDATx^", 
        "JxnKxn", 
        "scheduler\\upperleftcorner.png", 
        "^IDATx^", 
        "bars\\restorebuttonglyph_glyph.png", 
        "WIDATx^", 
        "scheduler\\ruler.png", 
        "<IDATx^", 
        "editors\\trackbartrack.png", 
        "fIDATx^", 
        "IVIVI>+", 
        "docking\\floatingwindowborder.png", 
        "AIDATx^", 
        "scheduler\\groupseparatorhorizontal.png", 
        "IDATx^", 
        "ribbon\\statusbarseparator.png", 
        "\u001fIDATx^", 
        "ribbon\\rightscrollbutton.png", 
        "IDATx^", 
        "navpane\\overflowpanelexpanditem.png", 
        "IDATx^", 
        "'%43,t", 
        "bars\\alertcaptiontop.png", 
        "IDATx^", 
        "reports\\bandbuttonlevel0.png", 
        "IDATx^", 
        "common\\scrollshaft.png", 
        "|IDATx^", 
        "common\\splitterhorz.png", 
        "7IDATx^u", 
        "grid\\footerpanel.png", 
        "[IDATx^U", 
        "ribbon\\buttongroup.png", 
        "IDATx^", 
        "richedit\\horizontalrulerbackground.png", 
        "QIDATx^e", 
        "editors\\combobutton.png", 
        "WIDATx^", 
        "Ch9x,yjlU", 
        "ribbon\\popupgallerysizerpanel.png", 
        "IDATx^", 
        "<O1JmX", 
        "ribbon\\popupgallerymenuseparator.png", 
        "IDATx^", 
        "ribbon\\splitbutton2.png", 
        "IDATx^", 
        "ribbon\\gallerybutton.png", 
        "IDATx^", 
        "+XN@w]A", 
        "navpane\\collapsedgroupclientwithborder.png", 
        "IDATx^", 
        "'Yn;M-i", 
        "kTL ]&", 
        "ribbon\\formapplicationbutton.png", 
        "CIDATx^", 
        "IfIgf2", 
        "PtI@u?", 
        "(\\8q8\u001f", 
        "w.:6`]", 
        "9_w+_?", 
        "ku22cV:k", 
        "D)@s`+", 
        "KG_vH;i2", 
        "*1q\u001fR\u001f", 
        "EsI@umG", 
        "R@ql&fI", 
        "common\\grouppaneltop.png", 
        "3IDATx^", 
        "navbar\\groupheader.png", 
        "IDATx^", 
        "ribbon\\largebutton.png", 
        "8IDATx^", 
        "navpane\\itemselected.png", 
        "kIDATx^", 
        "editors\\zoomtrackbarmiddleline.png", 
        "6IDATx^", 
        "ribbon\\quicktoolbarbuttonglyph_glyph.png", 
        "CIDATx^", 
        "E7%^396", 
        "scheduler\\navbuttonprevarrow.png", 
        "{IDATx^", 
        "bars\\statusbar.png", 
        "YIDATx^M", 
        "editors\\clockface.png", 
        "IDATx^", 
        "`|UHPb@", 
        "\\`MqFB", 
        "4N1P]q", 
        "\\jgC18}", 
        "Rn 6>;G", 
        "G^MUyP", 
        "TY@!h6", 
        "WCwc)o", 
        "%^A!W`{", 
        "j5waw1", 
        "HU]t+&", 
        "Pu6VCIV", 
        ";$0 `z", 
        "!,PI 8}", 
        "'Cu~(t", 
        "P 7/`}", 
        "TAMA$D", 
        "SGZkrx", 
        "F.$\\kGH", 
        "zI8));", 
        "k]GQF4t7WA", 
        " 4Vf(U", 
        "4<V@tu", 
        "YO&<z7m", 
        "i\\>q9g", 
        "editors\\progressbordervert.png", 
        "IDATx^", 
        "\\A]bS9", 
        "bars\\bar.png", 
        "YIDATx^M", 
        "bars\\linkselected.png", 
        "8IDATx^", 
        "Q\u001fX?r1", 
        "bars\\dockwindowbuttonshot.png", 
        "IDATx^", 
        "reports\\bandheaderlevel2.png", 
        "IDATx^}", 
        "ribbon\\quicktoolbardropdown.png", 
        "iIDATx^e", 
        "scheduler\\defaulttimeline.png", 
        "IDATx^m", 
        "ribbon\\applicationbutton2010.png", 
        "IDATx^", 
        "*j!B@T", 
        "iaO\"^;*", 
        "bars\\barvertical.png", 
        ">IDATx^", 
        "common\\splitter.png", 
        ".IDATx^", 
        "ribbon\\applicationbuttoncontainercontrol.png", 
        "EIDATx^", 
        "ribbon\\quicktoolbarabovebackground.png", 
        "WIDATx^", 
        ">O@d`*`", 
        "S_W/: b", 
        "navbar\\scrollupbutton_glyph.png", 
        "KIDATx^", 
        "richedit\\rulertabtypebackground.png", 
        "&IDATx^", 
        "editors\\spinup_glyph.png", 
        "^IDATx^", 
        "common\\grouppanelcaptiontop.png", 
        "IDATx^m", 
        "bars\\closebuttonglyph_glyph.png", 
        "UIDATx^", 
        "reports\\rulershadow.png", 
        "IDATx^", 
        "navpane\\expandbutton_glyph.png", 
        "GIDATx^", 
        "scheduler\\appointmentsamedaynorightborder.png", 
        "IDATx^", 
        "tab\\tabpagebutton_glyph.png", 
        "qIDATx^", 
        "navpane\\navpaneformleftsizegrip.png", 
        "BIDATx^", 
        "scheduler\\morebutton.png", 
        "IDATx^", 
        "]ZPJ(d", 
        "cQxOO='H{@", 
        "common\\scrollbutton_glyph.png", 
        "IDATx^", 
        "4-S?WJA)O2", 
        "uB2g2%D", 
        "common\\sizegrip.png", 
        "BIDATx^", 
        "scheduler\\appointmentrightborder.png", 
        "-IDATx^", 
        "=O_LO_*O_", 
        "2soo?E_B", 
        "richedit\\rulercolumnresizer.png", 
        "gIDATx^", 
        "form\\smallformcaption.png", 
        "PLTElWL", 
        "IDATx^", 
        "editors\\trackbarthumb.png", 
        "9IDATx^", 
        "KWn@gO", 
        "BA:O~g?", 
        "2d!@Qt\"", 
        "form\\formbuttonclose.png", 
        "nIDATx^", 
        "~;<1:|fhd", 
        "C!4G\"Z", 
        "editors\\clockglass.png", 
        "IDATx^", 
        "_%^%A+", 
        "\"@PM@u", 
        "l}}RlW", 
        "8R\u001f  u", 
        "R}9A &", 
        "`=[XO0", 
        "iYTSQI", 
        "R0DfAb!t", 
        "o\\cFH= ", 
        " ` \" $", 
        "u0U\"3Ab", 
        "yt$D(*", 
        "editors\\rangetrackbarthumbboth.png", 
        "IDATx^", 
        "yu0}J`\\", 
        "navpane\\splitter.png", 
        "IDATx^", 
        "i yihXZ", 
        "ribbon\\gallerybuttonup_glyph.png", 
        "gIDATx^", 
        "richedit\\rulertab.png", 
        "sIDATx^", 
        "4l+T_,", 
        "form\\formbuttonminimize.png", 
        "IDATx^", 
        "\u001f\" ;t.", 
        "reports\\cornerpanel.png", 
        "IDATx^", 
        "scheduler\\currenttimeindicator.png", 
        "IDATx^", 
        "tab\\tabheaderbutton_glyph.png", 
        "IDATx^", 
        "common\\grouppanel.png", 
        "AIDATx^", 
        "form\\formframeright.png", 
        "TPLTElWL", 
        "AIDATx^", 
        "bars\\popupmenucheck_glyph.png", 
        "AIDATx^", 
        "bars\\alertcaptiontop_glyph.png", 
        "0IDATx^", 
        "navbar\\groupfooter.png", 
        "IDATx^", 
        "bars\\mainmenulinkselected.png", 
        ":IDATx^", 
        "#l^s1/A{", 
        "\\v1/Ac", 
        "}x_u1/A", 
        "scheduler\\appointmentstatusleftmask.png", 
        "\u001fIDATx^", 
        "bars\\popupmenusidestripnonrecent.png", 
        "&IDATx^", 
        "common\\grouppanelleft.png", 
        "2IDATx^", 
        "grid\\headerspecial.png", 
        "IDATx^", 
        "3ua8OO", 
        "docking\\tabheader.png", 
        "2IDATx^", 
        "tab\\tabheader.png", 
        "fIDATx^", 
        "xp`M>p^", 
        "form\\smallformbuttonhelp_glyph.png", 
        "xIDATx^", 
        "ribbon\\button.png", 
        "8IDATx^", 
        "ribbon\\quicktoolbarabovebackground2.png", 
        "IDATx^u", 
        "common\\highlighteditem.png", 
        "IDATx^U", 
        "ribbon\\appmenupane.png", 
        "+IDATx^", 
        "editors\\navigatorbutton.png", 
        "WIDATx^", 
        "Ch9x,yjlU", 
        "ribbon\\formframebottomwithoutstatusbar.png", 
        "8IDATx^m", 
        "@0HM}u%", 
        "navpane\\item.png", 
        "IDATx^", 
        "ribbon\\gallerybuttonup.png", 
        "IDATx^", 
        "_{rgGhP", 
        "form\\smallformbuttonminimize_glyph.png", 
        "OIDATx^", 
        "scheduler\\appointmentsamedayrightborder.png", 
        ";IDATx^", 
        "#VEW@{", 
        "0c^CW'", 
        "`bautM", 
        "grid\\headerleft.png", 
        "IDATx^", 
        "mD9Bb5", 
        "form\\formbuttonmdirestore_glyph.png", 
        "tIDATx^", 
        "form\\formbuttonrestore.png", 
        "IDATx^", 
        "\u001f\" ;t.", 
        "editors\\combobutton_glyph.png", 
        "sIDATx^", 
        "navbar\\scrolldownbutton.png", 
        "2IDATx^", 
        "ribbon\\statusbarbutton.png", 
        "8IDATx^", 
        "common\\scrollthumbbuttonvert.png", 
        "GIDATx^", 
        "docking\\dockwindowborder.png", 
        "6IDATx^", 
        "form\\formcaptionminimized.png", 
        "YPLTElWL", 
        " IDATx^", 
        "x|z~y}+", 
        "scheduler\\appointmentbottomshadow.png", 
        "IDATx^", 
        "grid\\sortshape.png", 
        "^IDATx^", 
        "editors\\rangetrackbarrightthumb.png", 
        "AIDATx^", 
        "bars\\collapsebuttonglyph_glyph.png", 
        "KIDATx^", 
        "grid\\gridgrouppanel.png", 
        "IDATx^", 
        "navpane\\collapsebutton.png", 
        "IDATx^", 
        "Q;Dlw;", 
        "common\\grouppanelcaptionright.png", 
        "FIDATx^", 
        "editors\\editorbutton.png", 
        "WIDATx^", 
        "Ch9x,yjlU", 
        "grid\\filterbuttonactive.png", 
        "IDATx^", 
        "~Y ~y8", 
        "navbar\\groupopenbutton.png", 
        "'IDATx^", 
        ";#'!NC", 
        "?+5%>;", 
        "scheduler\\appointmentrightshadow.png", 
        "aIDATx^", 
        "bars\\minimizebuttonglyph_glyph.png", 
        ";IDATx^", 
        "navpane\\groupbuttonselected.png", 
        "IDATx^", 
        "B*{Iga", 
        ")\u001fB&LM", 
        "docking\\tabheaderhidebar.png", 
        "0IDATx^", 
        "common\\tooltipwindow.png", 
        "IDATx^", 
        "yQA}\u001fG}", 
        "ribbon\\contexttabcategory.png", 
        "IDATx^", 
        "-&`J\".", 
        "scheduler\\groupseparatorvertical.png", 
        "pIDATx^", 
        "navpane\\groupclient.png", 
        "0IDATx^", 
        "printing\\previewbackground.png", 
        "zpykbzlc}of", 
        "tkyjbwh`", 
        "tjzkcxja", 
        "xo|me{ld~qg", 
        "qh|nevg_vh_}nfsd\\wi`uf^te]ug^td]m]U", 
        "IDATx^", 
        "6b%1El", 
        "@sgv;vaw", 
        "yo077777", 
        "bars\\mainmenuvertical.png", 
        ">IDATx^", 
        "scheduler\\appointmentstatustopmask.png", 
        "*IDATx^E", 
        "reports\\popupformbackground.png", 
        "DIDATx^", 
        "reports\\bandbuttonlevel2.png", 
        "IDATx^", 
        "$=wHzn", 
        "ribbon\\formcaption.png", 
        "LIDATx^", 
        "ribbon\\popupgallerysizergrips.png", 
        "EIDATx^", 
        "tab\\tabpane.png", 
        "IDATx^", 
        "ribbon\\gallerybuttondropdown_glyph.png", 
        "yIDATx^", 
        "navpane\\collapsebutton_glyph.png", 
        "IIDATx^", 
        "scheduler\\navbuttonnext.png", 
        "IDATx^", 
        "'\\c_2q", 
        "),*M9M", 
        "scheduler\\appointmentcontent.png", 
        "IDATx^", 
        "bars\\alertwindow.png", 
        "MIDATx^", 
        "7Fz[,%Y", 
        "@Vr][\u001f", 
        "dfbtgf%", 
        "bars\\alertbaritem.png", 
        ":IDATx^", 
        "#l^s1/A{", 
        "\\v1/Ac", 
        "}x_u1/A", 
        "common\\grouppanelbottom.png", 
        "4IDATx^", 
        "VEo:Nvm", 
        "ribbon\\buttongroupsplitbutton2.png", 
        "PIDATx^", 
        "wa<bq1u", 
        "form\\formbuttonmaximize_glyph.png", 
        "mIDATx^", 
        "cm*&?B", 
        "reports\\bandbuttonlevel1.png", 
        "IDATx^", 
        "8{|&==", 
        "$=wHzn", 
        "ribbon\\formframebottom.png", 
        "8IDATx^m", 
        "@0HM}u%", 
        "grid\\smartfilterbutton.png", 
        "uIDATx^", 
        "bars\\popupmenusplitbutton.png", 
        "xIDATx^", 
        "utKEG[S", 
        "reports\\popupformcaption.png", 
        "[IDATx^U", 
        "form\\formbuttonrestore_glyph.png", 
        "IDATx^", 
        "pa&3,a", 
        "YKn2X7", 
        "ribbon\\contexttabheaderpage.png", 
        "(IDATx^", 
        "!C\\EHR", 
        "\u001f=@=2.\\", 
        "navpane\\scrollupbutton_glyph.png", 
        "BIDATx^", 
        "bars\\barcustomize_glyph.png", 
        "DIDATx^}", 
        "ribbon\\largesplitbutton2.png", 
        "IDATx^", 
        "%2;V 12", 
        "SP0@\\c", 
        "ribbon\\tabpanelgroupcaption.png", 
        "-IDATx^", 
        "navbar\\groupclient.png", 
        "IDATx^", 
        "common\\tooltipseparator.png", 
        "!IDATx^", 
        "form\\formbuttonmdiminimize.png", 
        "IDATx^", 
        "editors\\closebutton_glyph.png", 
        "qIDATx^", 
        "ribbon\\formcaptionminimized.png", 
        "IIDATx^}", 
        "MmqhVV", 
        "ribbon\\formframeleft.png", 
        "IDATx^", 
        "ribbon\\tabpanelgroupbutton_glyph.png", 
        "6IDATx^e", 
        "reports\\slider_glyph.png", 
        "&IDATx^", 
        "scheduler\\appointmentnoleftborder.png", 
        "IDATx^", 
        "common\\scrollthumbbuttonvert_glyph.png", 
        "EIDATx^", 
        "scheduler\\rulerminline.png", 
        "-IDATx^m", 
        "scheduler\\appointmentsamedaynoleftborder.png", 
        "IDATx^", 
        "ribbon\\appmenubackground.png", 
        "iIDATx^", 
        "SKINv1", 
        "reports\\bandheaderlevel1.png", 
        "IDATx^", 
        "editors\\zoomtrackbarzoomoutbutton.png", 
        "IDATx^e", 
        "4!~[.S", 
        "printing\\pageborder.png", 
        "IDATx^", 
        "0ZbJ@+", 
        "9{nxl|", 
        "{ER+=S[", 
        ">6*>X~`=M}", 
        "common\\grouppanelcaptionleft.png", 
        "IDATx^", 
        "L5F#KQm", 
        "editors\\radiobutton.png", 
        "lIDATx^", 
        ";j^eDw", 
        "form\\formbuttonmdiminimize_glyph.png", 
        "8IDATx^", 
        "scheduler\\navbuttonnextarrow.png", 
        "]IDATx^", 
        "editors\\trackbarthumbboth.png", 
        "IDATx^", 
        "#G^:tE", 
        "(b a`2", 
        "|-'UWW;", 
        "ribbon\\largesplitbutton.png", 
        "IDATx^", 
        "ribbon\\tabheaderbackground.png", 
        "8IDATx^", 
        "scheduler\\appointmentsamedayleftborder.png", 
        "IDATx^", 
        "editors\\progressborder.png", 
        "IDATx^", 
        "editors\\spinup.png", 
        "IDATx^", 
        "ribbon\\popupgallerygroupcaption.png", 
        "_IDATx^m", 
        "richedit\\cornerpanel.png", 
        "IDATx^", 
        "grid\\cardcaptionselected.png", 
        "IDATx^", 
        "tab\\tabpagebutton.png", 
        "jIDATx^", 
        "#d<DBn", 
        ">06F\u001f89$", 
        "^%Q7`H!", 
        "Q:\u001f?^i", 
        "qiiix||", 
        "xttdomm", 
        "grid\\plusminus.png", 
        "IDATx^", 
        "scheduler\\headervertical.png", 
        "<IDATx^", 
        "form\\formcaption.png", 
        "7IDATx^", 
        "PL^M{i^", 
        "bars\\dockwindowbuttonshot.png", 
        "IDATx^", 
        "{?`9C|", 
        "common\\splitter_glyph.png", 
        "|IDATx^", 
        "=>-PPP", 
        "form\\formbuttonhelp_glyph.png", 
        "8IDATx^", 
        "grid\\filterbutton.png", 
        "IDATx^E", 
        "3UswEQT", 
        ",/-.`u", 
        "navpane\\overflowpanel.png", 
        "IDATx^", 
        "+npopo", 
        "editors\\rangetrackbarleftthumb.png", 
        "LIDATx^", 
        "|\u001fjM`H", 
        "3jDpd-", 
        "C]WD`t2O", 
        "Fp`` )", 
        "reports\\sliderselected_glyph.png", 
        "#IDATx^", 
        "ribbon\\contexttabcategory2.png", 
        "IDATx^", 
        "common\\groupexpandbutton.png", 
        "cIDATx^", 
        "~H>?'Y", 
        "form\\formframeleft.png", 
        "IDATx^", 
        "bars\\mainmenu.png", 
        "kIDATx^e", 
        "common\\grouppanelcaptionbottom.png", 
        "aIDATx^", 
        "grid\\header.png", 
        "IDATx^", 
        "scheduler\\appointmentleftborder.png", 
        "IDATx^", 
        "scheduler\\appointmentsamedayrightborder.png", 
        "IDATx^", 
        "bars\\bar.png", 
        "kIDATx^e", 
        "reports\\rulerbackground.png", 
        "IDATx^", 
        "editors\\checkbox.png", 
        "*IDATx^", 
        "fffffff", 
        "LsZx$H", 
        " Z?4(9", 
        "grid\\cardclosebutton.png", 
        "SIDATx^", 
        "common\\scrollthumbbutton_glyph.png", 
        "?IDATx^", 
        "ribbon\\quicktoolbarbelowbackground.png", 
        "yIDATx^u", 
        "bars\\barcustomizevertical.png", 
        ">IDATx^", 
        "form\\formbuttonmdiclose_glyph.png", 
        "nIDATx^", 
        "scheduler\\morebutton_glyph.png", 
        "JIDATx^", 
        "ribbon\\tabpanelgroupbody.png", 
        "IDATx^", 
        "common\\scrollbutton.png", 
        "IDATx^", 
        "tlJ:5+", 
        "7.r~AJ", 
        "~'kjJ?:", 
        ";wNmmmjooWGG", 
        "EMLLh~~^", 
        "?;Ex#9z>", 
        "*KpX@7", 
        "grid\\cardcaption.png", 
        "IDATx^", 
        "reports\\componenttraybackground.png", 
        "UIDATx^}", 
        "form\\formmdibar.png", 
        "IDATx^", 
        "bars\\popupmenulinkselected.png", 
        "]IDATx^", 
        "editors\\progresschunk.png", 
        "^IDATx^", 
        "editors\\spindown.png", 
        "xIDATx^", 
        "$M#J/\"", 
        ":trAf')", 
        "bars\\barseparator.png", 
        "$IDATx^", 
        "editors\\navigator.png", 
        "IDATx^", 
        "!Xh#*l%", 
        "ribbon\\gallerybuttondropdown.png", 
        "LIDATx^", 
        "bpppP_", 
        "&6W|R3", 
        "navpane\\groupbutton.png", 
        "IDATx^", 
        "L6fKTT", 
        "JZ@\\EqJ", 
        "bars\\popupmenuseparator.png", 
        "IDATx^", 
        "editors\\spindown_glyph.png", 
        "\\IDATx^", 
        "form\\formbuttonhelp.png", 
        "IDATx^", 
        "ribbon\\buttongroupseparator.png", 
        "'IDATx^", 
        "editors\\spinright.png", 
        "IDATx^", 
        "qi|E,7d", 
        "ribbon\\contexttabcategoryseparator.png", 
        "FIDATx^]", 
        "form\\formbuttonmdiclose.png", 
        "IDATx^", 
        "navpane\\scrolldownbutton_glyph.png", 
        "QIDATx^", 
        "bars\\bardrag_glyph.png", 
        "&IDATx^", 
        "ribbon\\popupgalleryfilterpanel.png", 
        "IDATx^u", 
        "YKi%c%", 
        "navpane\\expandbutton.png", 
        "rIDATx^", 
        "y:9y*(", 
        ":>44.(N", 
        "ribbon\\popupgallerysizerpanel.png", 
        "_IDATx^m", 
        "navbar\\scrollupbutton_glyph.png", 
        "hIDATx^", 
        "reports\\rulersection.png", 
        "IDATx^", 
        "form\\smallformbuttonclose.png", 
        "KIDATx^", 
        "form\\formbuttonmdirestore.png", 
        "IDATx^", 
        "tab\\tabheaderbutton.png", 
        "BIDATx^", 
        "}HE?sz", 
        "xI'aNC", 
        "T{{{*7", 
        "bars\\barverticalseparator.png", 
        "$IDATx^", 
        "reports\\cornerpanel_glyph.png", 
        "^IDATx^", 
        "I\\'TD<", 
        "ribbon\\tabheaderpage.png", 
        "IDATx^", 
        "reports\\pageborder.png", 
        "rIDATx^", 
        "bars\\popupmenuexpandbutton.png", 
        "IDATx^", 
        "common\\grouppanelright.png", 
        "7IDATx^", 
        "scheduler\\rulerhourline.png", 
        "*IDATx^", 
        "vgrid\\categorybutton.png", 
        "IDATx^", 
        "v{6$9??", 
        "iJ'''!", 
        "o~lskS|", 
        "form\\formbuttonclose_glyph.png", 
        "ZIDATx^", 
        "docking\\tabheaderline.png", 
        "IDATx^", 
        "ribbon\\gallerybuttondown_glyph.png", 
        "sIDATx^", 
        "navpane\\groupclientwithborder.png", 
        "IDATx^", 
        "scheduler\\navbuttonprev.png", 
        "IDATx^", 
        "}\u001f;:@]", 
        "bars\\dockwindowbuttonspressed.png", 
        "IDATx^", 
        "{?`9C|", 
        "editors\\calendarnavigationbutton_glyph.png", 
        "IDATx^", 
        "form\\formbuttonminimize_glyph.png", 
        ",IDATx^", 
        "common\\backbutton.png", 
        "&IDATx^", 
        "0{K2flL", 
        "Q;FOlx", 
        "8O1wJp", 
        "Gaa!***", 
        "RSSy?\"&&", 
        "w5wjuu5", 
        "common\\button.png", 
        "IDATx^", 
        "S>AOE|", 
        "333b!,", 
        "DX0aSU", 
        "E_^ZZz", 
        "2$6Mr8", 
        "xm\\Fk#", 
        "form\\formbuttonmaximize.png", 
        "IDATx^", 
        "bars\\expandbuttonglyph_glyph.png", 
        "=IDATx^", 
        "form\\smallformbuttonhelp.png", 
        "IDATx^", 
        "ribbon\\buttongroupsplitbutton.png", 
        "&IDATx^", 
        "grid\\headerright.png", 
        "!IDATx^", 
        "ribbon\\appmenubackgroundbottom.png", 
        "IDATx^", 
        "ribbon\\keytipwindow.png", 
        "iIDATx^m", 
        "8?bf\\^", 
        "form\\smallformbuttonmaximize_glyph.png", 
        "1IDATx^", 
        "navpane\\overflowpanelitem.png", 
        "IDATx^", 
        "h4*B^]X", 
        "ribbon\\tabpanelgroupminimizedglyph.png", 
        "IDATx^", 
        "ribbon\\buttonarrow.png", 
        "IDATx^", 
        "Z/l[*g", 
        "bars\\bardrag.png", 
        "zIDATx^e", 
        "\u001fho`60", 
        "ribbon\\contexttabcategory.png", 
        "\u001fIDATx^", 
        "ribbon\\buttongroupbutton.png", 
        "IDATx^", 
        "scheduler\\headeralternate.png", 
        "IDATx^]", 
        "bars\\barcustomize.png", 
        "nIDATx^", 
        "A$EDJ*", 
        "DB$RVV", 
        ">^X8yS", 
        "form\\smallformbuttonminimize.png", 
        "IDATx^", 
        "scheduler\\headeralternateselected.png", 
        "IDATx^]", 
        "navpane\\collapsedgroupclient.png", 
        "IDATx^", 
        "(\u001fPR\"&jb='%h", 
        "bars\\barcustomizevertical_glyph.png", 
        "6IDATx^", 
        "ribbon\\leftscrollbutton.png", 
        "IDATx^", 
        "navpane\\overflowpanelexpanditem_glyph.png", 
        "<IDATx^", 
        "richedit\\rulerindent.png", 
        "IDATx^}", 
        "ribbon\\gallerybuttondown.png", 
        "IDATx^", 
        "A+HtP>", 
        "ribbon\\popupgallerybutton.png", 
        "IDATx^", 
        "scheduler\\alldayarea.png", 
        "IDATx^", 
        "reports\\bandheaderlevel0.png", 
        "IDATx^", 
        "4+;bV:", 
        "ribbon\\rightscrollbutton_glyph.png", 
        "HIDATx^", 
        "form\\smallformbuttonrestore.png", 
        "IDATx^", 
        "editors\\progresschunkvert.png", 
        "RIDATx^", 
        "ribbon\\gallerypane.png", 
        "IDATx^", 
        "ribbon\\quicktoolbarincaptionbackground.png", 
        "wIDATx^", 
        "s:ftFE", 
        "S(JJnZ", 
        "41)>Rt", 
        "docking\\dockwindowbutton.png", 
        "xIDATx^", 
        "PRCIF ", 
        "4m_m5t", 
        "\u001fnr:a ]", 
        "tgfpx[\\\\", 
        "editors\\calendarnavigationbutton.png", 
        "IDATx^", 
        "?OZm>K", 
        "ribbon\\quicktoolbarincaptionbackground2010.png", 
        "wIDATx^", 
        "s:ftFE", 
        "S(JJnZ", 
        "41)>Rt", 
        "reports\\rulerrightmargin.png", 
        "(IDATx^", 
        "scheduler\\rulerheader.png", 
        "IDATx^", 
        "docking\\dockwindowcaption.png", 
        "\u001fIDATx^", 
        "OBYC5[", 
        "ribbon\\tabpanel.png", 
        "IDATx^]", 
        "A|N(M'", 
        "docking\\floatingwindowcaption.png", 
        "IDATx^u", 
        "navpane\\caption.png", 
        "IDATx^", 
        "common\\splitterhorz_glyph.png", 
        "IDATx^", 
        "bars\\linkborderpainter.png", 
        "/IDATx^", 
        "AFg'tg", 
        "editors\\spinright_glyph.png", 
        "GIDATx^", 
        "richedit\\verticalrulerbackground.png", 
        ";IDATx^", 
        "ribbon\\formframeright.png", 
        "9IDATx^", 
        "ribbon\\quicktoolbarglyph_glyph.png", 
        "MIDATx^", 
        "form\\formframebottom.png"
    ], 
    "metadata": {
        "output": {
            "pcap": {
                "basename": "dump.pcap", 
                "sha256": "818913282d65f38d9e02106cab400b240b1f4706794cbd5ef741a46e35fbc4c9", 
                "dirname": ""
            }
        }
    }
}