{
    "info": {
        "added": 1626065247.469719, 
        "started": 1626065385.278485, 
        "duration": 54, 
        "ended": 1626065439.541173, 
        "owner": null, 
        "score": 0.0, 
        "id": 4, 
        "category": "file", 
        "git": {
            "head": "13cbe0d9e457be3673304533043e992ead1ea9b2", 
            "fetch_head": "13cbe0d9e457be3673304533043e992ead1ea9b2"
        }, 
        "monitor": "2deb9ccd75d5a7a3fe05b2625b03a8639d6ee36b", 
        "package": "dll", 
        "route": "none", 
        "custom": null, 
        "machine": {
            "status": "stopped", 
            "name": "cuckoo3", 
            "label": "cuckoo3", 
            "manager": "VirtualBox", 
            "started_on": "2021-07-12 04:49:46", 
            "shutdown_on": "2021-07-12 04:50:37"
        }, 
        "platform": "windows", 
        "version": "2.0.7", 
        "options": "procmemdump=yes,route=none"
    }, 
    "signatures": [], 
    "target": {
        "category": "file", 
        "file": {
            "yara": [], 
            "sha1": "3de8315ff6fa2e6781f13aa70c8ea6fcb6b54790", 
            "name": "virussign.com_6d7420f69167b1e680225a13f1195120.vir", 
            "type": "PE32 executable (DLL) (GUI) Intel 80386, for MS Windows", 
            "sha256": "23c4a1a0976570b4bdce900a8580bb91ad65a7070fd84e4b86eeeee5fc7f30f1", 
            "urls": [
                "http://ocsp.comodoca.com0", 
                "http://crl.comodoca.com/COMODORSACertificationAuthority.crl0q", 
                "http://crl.comodoca.com/COMODORSACodeSigningCA.crl0t", 
                "https://secure.comodo.net/CPS0C", 
                "http://crt.comodoca.com/COMODORSACodeSigningCA.crt0", 
                "http://crt.comodoca.com/COMODORSAAddTrustCA.crt0"
            ], 
            "crc32": "292A97DF", 
            "path": "/home/cuckoo/.cuckoo/storage/binaries/23c4a1a0976570b4bdce900a8580bb91ad65a7070fd84e4b86eeeee5fc7f30f1", 
            "ssdeep": "49152:Mpu9NvzSwADYbgyFYHANCl7LQT7kYeQxXv23eamgnSSS5O5gthGqW:MFwADYkyGAQhQk2X+wNhGP", 
            "size": 2682800, 
            "sha512": "5be419ee29e8241898aefff6f253b7ddd66348fb45a6e0c9c014a9c23a9789fd150695052a814223d8d4c862dc2b298647d722d7b856ff3e1ec7b8c0aeaf5125", 
            "md5": "6d7420f69167b1e680225a13f1195120"
        }
    }, 
    "debug": {
        "action": [
            "vmrouting"
        ], 
        "dbgview": [], 
        "errors": [
            "Failed to run the processing module \"Static\" for task #4:\nTraceback (most recent call last):\n  File \"/usr/local/lib/python2.7/dist-packages/cuckoo/core/plugins.py\", line 246, in process\n    data = current.run()\n  File \"/usr/local/lib/python2.7/dist-packages/cuckoo/processing/static.py\", line 1075, in run\n    static.update(PortableExecutable(f.file_path).run())\n  File \"/usr/local/lib/python2.7/dist-packages/cuckoo/processing/static.py\", line 317, in run\n    results[\"signature\"] = self._get_signature()\n  File \"/usr/local/lib/python2.7/dist-packages/cuckoo/processing/static.py\", line 281, in _get_signature\n    \"email\": subject.Email,\n  File \"/usr/local/lib/python2.7/dist-packages/M2Crypto/X509.py\", line 354, in __getattr__\n    return six.ensure_text(m2.x509_name_by_nid(self.x509_name, self.nid[attr]))\n  File \"/usr/local/lib/python2.7/dist-packages/M2Crypto/six.py\", line 939, in ensure_text\n    raise TypeError(\"not expecting type '%s'\" % type(s))\nTypeError: not expecting type '<type 'NoneType'>'", 
            "Error processing task #4: it appears that the Virtual Machine hasn't been able to contact back to the Cuckoo Host. There could be a few reasons for this, please refer to our documentation on the matter: https://cuckoo.sh/docs/faq/index.html#troubleshooting-vm-network-configuration"
        ], 
        "log": [], 
        "cuckoo": [
            "2021-07-12 04:49:46,212 [cuckoo.core.scheduler] INFO: Task #4: acquired machine cuckoo3 (label=cuckoo3)\n", 
            "2021-07-12 04:49:46,214 [cuckoo.core.resultserver] DEBUG: Now tracking machine 192.168.56.103 for task #4\n", 
            "2021-07-12 04:49:46,215 [cuckoo.core.plugins] DEBUG: Started auxiliary module: Replay\n", 
            "2021-07-12 04:49:46,225 [cuckoo.auxiliary.sniffer] INFO: Started sniffer with PID 3298 (interface=vboxnet0, host=192.168.56.103)\n", 
            "2021-07-12 04:49:46,228 [cuckoo.core.plugins] DEBUG: Started auxiliary module: Sniffer\n", 
            "2021-07-12 04:49:46,733 [cuckoo.machinery.virtualbox] DEBUG: Starting vm cuckoo3\n", 
            "2021-07-12 04:49:47,383 [cuckoo.machinery.virtualbox] DEBUG: Restoring virtual machine cuckoo3 to its current snapshot\n", 
            "2021-07-12 04:49:54,401 [cuckoo.core.guest] INFO: Starting analysis #4 on guest (id=cuckoo3, ip=192.168.56.103)\n", 
            "2021-07-12 04:49:55,451 [cuckoo.core.guest] DEBUG: cuckoo3: not ready yet\n", 
            "2021-07-12 04:49:56,483 [cuckoo.core.guest] DEBUG: cuckoo3: not ready yet\n", 
            "2021-07-12 04:49:57,575 [cuckoo.core.guest] DEBUG: cuckoo3: not ready yet\n", 
            "2021-07-12 04:49:58,581 [cuckoo.core.guest] DEBUG: cuckoo3: not ready yet\n", 
            "2021-07-12 04:49:59,587 [cuckoo.core.guest] DEBUG: cuckoo3: not ready yet\n", 
            "2021-07-12 04:50:00,164 [cuckoo.core.guest] INFO: Guest is running Cuckoo Agent 0.10 (id=cuckoo3, ip=192.168.56.103)\n", 
            "2021-07-12 04:50:00,265 [cuckoo.core.guest] DEBUG: Uploading analyzer to guest (id=cuckoo3, ip=192.168.56.103, monitor=latest, size=3884763)\n", 
            "2021-07-12 04:50:10,425 [cuckoo.core.guest] DEBUG: cuckoo3: analysis #4 still processing\n", 
            "2021-07-12 04:50:16,315 [cuckoo.core.guest] DEBUG: cuckoo3: analysis #4 still processing\n", 
            "2021-07-12 04:50:30,027 [cuckoo.core.database] ERROR: Database error logging guest start: (sqlite3.OperationalError) database is locked\n", 
            "[SQL: SELECT guests.id AS guests_id, guests.status AS guests_status, guests.name AS guests_name, guests.label AS guests_label, guests.manager AS guests_manager, guests.started_on AS guests_started_on, guests.shutdown_on AS guests_shutdown_on, guests.task_id AS guests_task_id \n", 
            "FROM guests \n", 
            "WHERE guests.task_id = ?\n", 
            " LIMIT ? OFFSET ?]\n", 
            "[parameters: (4, 1, 0)]\n", 
            "(Background on this error at: http://sqlalche.me/e/e3q8)\n", 
            "Traceback (most recent call last):\n", 
            "  File \"/usr/local/lib/python2.7/dist-packages/cuckoo/core/database.py\", line 737, in guest_get_status\n", 
            "    guest = session.query(Guest).filter_by(task_id=task_id).first()\n", 
            "  File \"/usr/local/lib/python2.7/dist-packages/sqlalchemy/orm/query.py\", line 3215, in first\n", 
            "    ret = list(self[0:1])\n", 
            "  File \"/usr/local/lib/python2.7/dist-packages/sqlalchemy/orm/query.py\", line 3007, in __getitem__\n", 
            "    return list(res)\n", 
            "  File \"/usr/local/lib/python2.7/dist-packages/sqlalchemy/orm/query.py\", line 3317, in __iter__\n", 
            "    return self._execute_and_instances(context)\n", 
            "  File \"/usr/local/lib/python2.7/dist-packages/sqlalchemy/orm/query.py\", line 3342, in _execute_and_instances\n", 
            "    result = conn.execute(querycontext.statement, self._params)\n", 
            "  File \"/usr/local/lib/python2.7/dist-packages/sqlalchemy/engine/base.py\", line 988, in execute\n", 
            "    return meth(self, multiparams, params)\n", 
            "  File \"/usr/local/lib/python2.7/dist-packages/sqlalchemy/sql/elements.py\", line 287, in _execute_on_connection\n", 
            "    return connection._execute_clauseelement(self, multiparams, params)\n", 
            "  File \"/usr/local/lib/python2.7/dist-packages/sqlalchemy/engine/base.py\", line 1107, in _execute_clauseelement\n", 
            "    distilled_params,\n", 
            "  File \"/usr/local/lib/python2.7/dist-packages/sqlalchemy/engine/base.py\", line 1248, in _execute_context\n", 
            "    e, statement, parameters, cursor, context\n", 
            "  File \"/usr/local/lib/python2.7/dist-packages/sqlalchemy/engine/base.py\", line 1466, in _handle_dbapi_exception\n", 
            "    util.raise_from_cause(sqlalchemy_exception, exc_info)\n", 
            "  File \"/usr/local/lib/python2.7/dist-packages/sqlalchemy/util/compat.py\", line 383, in raise_from_cause\n", 
            "    reraise(type(exception), exception, tb=exc_tb, cause=cause)\n", 
            "  File \"/usr/local/lib/python2.7/dist-packages/sqlalchemy/engine/base.py\", line 1244, in _execute_context\n", 
            "    cursor, statement, parameters, context\n", 
            "  File \"/usr/local/lib/python2.7/dist-packages/sqlalch"
        ]
    }, 
    "metadata": {
        "output": {
            "pcap": {
                "basename": "dump.pcap", 
                "sha256": "c52028a9c6a70dc4c23b00350d664acb9ab5be23c138f6914cd67e0c771cc914", 
                "dirname": ""
            }
        }
    }, 
    "strings": [
        ".textbss", 
        "`.data", 
        ".idata", 
        ".edata", 
        "@.vmp0", 
        "`.vmp1", 
        "`.reloc", 
        "@.rsrc", 
        "#s=`^_", 
        "D$,GetPh.", 
        "D$0rocA", 
        "D$4ddre", 
        "D$4Load", 
        "D$8Libr", 
        "D$<aryA", 
        "D$<Virth,", 
        "D$@ualA", 
        "D$Dlloc", 
        ")a}L(Yh", 
        "0000000000000000", 
        "Bi\"RP ", 
        "\"2>fC!", 
        "/Z|+})", 
        "1\u001f:h@duTPZ$7@N", 
        "#Iho;e", 
        ">|>6Jq", 
        "B3&oVD", 
        "vHT]>t", 
        "\u001fU!\"to", 
        "u<$eY#", 
        "^[25C[;", 
        "hB\\De\u001f(", 
        ";W)^P`;%", 
        "(]A$P\\", 
        ")1)i4$", 
        "JB`B{\"#", 
        "NaeVzYJ", 
        "U>esC ", 
        "DhHu'2", 
        "yFzsuP", 
        "?8C@Qa", 
        ".@;JYH", 
        "`XFXh\"fM", 
        "o+0s-.L", 
        "hBx0g-", 
        "Q9g(#L", 
        ")1z'2N", 
        "TJ@;oTR", 
        "(hE6ZyJ&O", 
        "'Jy\"8M3", 
        "=(ht;Oo", 
        ".BoHwZg", 
        "/\u001fk|PT.&", 
        "R&O8$\u001f", 
        "e&h-0+uj D", 
        "bf~q1 ", 
        "`+c$!>", 
        "k,WA4v", 
        "vbw],m", 
        "N\",#-C", 
        "npL>FKZ", 
        "h.,?VP*", 
        ")|M0%#", 
        "ULy*F7", 
        "`\u001fdh5H", 
        "0*MVLu", 
        "8.)^dC", 
        "8] 199", 
        "_'BitZo", 
        "@ D>4\\", 
        "'7@gHI", 
        "X&}^Po)4", 
        "~e2b6#q", 
        "W/+Vh`", 
        "{j(h~9*", 
        "/Gn!U%", 
        "dxNW!!*", 
        "C(;ZP]", 
        "iTQ8`$4O", 
        "s<\u001f6GU;P", 
        "d-l.\"E", 
        "601Jc'", 
        "{\"^vbR", 
        "!6ez h", 
        "Lc`@KJDa[", 
        "}\u001f;`('", 
        "dD~g\"@", 
        "#xO8_o,,", 
        "o[hmAz", 
        "-z,[ABiL@", 
        "q'F&} S", 
        "_hZ*:*", 
        "uB7u)yO", 
        "(hiAJ-", 
        "*p{r')k (", 
        "(x:B>B", 
        "OB.gN3", 
        "+': QS", 
        "4LwJ@X", 
        "@>RLYGEY", 
        "KxvJqK)", 
        "d?|D\"L+ 1", 
        "H><5n-", 
        "]\"U |%", 
        "~K?Pe#(,?\u001fBY>P", 
        "W^.aj8", 
        "S_QK?('", 
        "e)s:oi", 
        "!3E5b~6", 
        "HVT~!VO1", 
        "6VDc!FDG", 
        "Eib6jE", 
        "V{~+|6", 
        "6V8$+9Q", 
        "2Q4X-5", 
        "ECb6E;", 
        "QVs6+uu", 
        "/Q1X-2", 
        "d;QVX-W", 
        "!rEsb-u", 
        "!7E9g-", 
        ")!VEWb~Z", 
        "V^H+`$", 
        "-VmQ#o", 
        "$,;Q0YQ", 
        "VVa6$b", 
        "_Ekbcl", 
        "VpQ+qc", 
        "EFb~GE", 
        "VL-!NO5$", 
        "$T2QU\"", 
        "S3lpR4", 
        "dhQ5L6", 
        "uVY$![E]gl", 
        "pV$-)&", 
        "JV!:E<gc", 
        "VMQ+O-", 
        "QVx?+{Q<", 
        "S-6pR.", 
        "VH6+I-<", 
        "_VQ$#S", 
        "!wExg-", 
        "8b$9;F", 
        "~VzH&{", 
        "V7H+9-<", 
        "cVJH$K", 
        "HVql+tQ", 
        ")!3O5Z", 
        "EHbcIE", 
        "$0DQ1J", 
        "!3O2(V4", 
        "VB-!DEEbZF", 
        "~Y'DrHZq", 
        "E_>V6pM", 
        "Q}S6~p", 
        "d)QRY$", 
        "ZV]~)_", 
        "6Vec+f6", 
        "7l_2sh", 
        "VH-+J$", 
        "DiwEkb~m", 
        "_E=b$>", 
        "V?Z+@-", 
        "qEEb-FE_<", 
        "lVI?)K", 
        "VXc+YH", 
        "jQlXHm", 
        "JwEKbQL", 
        "VQ-+T?<", 
        "pVVH+Y$<", 
        "cVXZ+Y", 
        "ZQ[X-]", 
        "HVb6+eQ<", 
        "yS7?yR8", 
        "VM6+OZ<", 
        "uS!cyV#Zj", 
        "V>c!?DA4", 
        ")V5Z+6~", 
        "w&+Du<", 
        "cVKH+L$", 
        "GI}HLh", 
        "6Vwu)y", 
        "aE2bQ4", 
        "V:-+;?", 
        "2VG?!HEM1", 
        "VY6+[Z", 
        "zpS!Hp", 
        "$V6l+8-", 
        "D1QBYH", 
        ")Epb?q", 
        "ZV-6+.H", 
        "ZVX-+[", 
        "_Vfc$g;Qj", 
        "GnpVoHy", 
        "GtpVx$y", 
        "-V\"$!$E'g~", 
        "HVP$!RDS(U", 
        "S\u001fZyS!uyG\"pV$?y", 
        "V.$!0E1(", 
        "V4-$5 Q6Xc8", 
        " VMu!QESb?T", 
        "uV]$+`", 
        "VVm$!oDq", 
        "\"6V=-+>~<", 
        "?:')pV;?+>-", 
        "!IEJbHL", 
        "\u001fQ X?!", 
        "'M+-?<", 
        "pV/~)1", 
        "ZV86+:H<", 
        "XQZX$_", 
        ">16&M$", 
        "S)ZyB+", 
        "?VD$)F", 
        "IVru+v-", 
        "_!BDC)", 
        "ZVR6$W2Q\\YQ", 
        "2Vg$+h6", 
        "$pV8?y", 
        "QG=pV>$#B", 
        "6VZ-#\\", 
        "GfXAF$+k", 
        "!HENbQP", 
        "$G\\pG_H", 
        "&V46+8-", 
        "!CEI1?", 
        "u16VXl[", 
        "!xE}b6", 
        "$G%pB*", 
        "QB%1?aX", 
        "!^Ecb?h", 
        "6VOZ!VD[(q", 
        "?V@6+R$", 
        "HGXyV`$#e", 
        "!6D;(@", 
        "!^Dc(h", 
        "!5D:(?", 
        "!]Db(g", 
        "!<DA(F", 
        "!dDi(n", 
        "!:D?(D", 
        "!bDg(l", 
        "!7D<(A", 
        "!-D2(7", 
        "(LZ/\\)", 
        "!DDI(N", 
        "!lDq(z", 
        "!_Di(n", 
        "!QDV([", 
        "!iDp(u", 
        "!BEJb$O;", 
        "!lDq(v", 
        "aR'6H.y", 
        "!%D*(/", 
        "!MDR(W", 
        "!8D=(B", 
        "y6m#aY", 
        "Sp$LOG", 
        "!@DE(J", 
        "!&D+(0", 
        "LQUXlZ", 
        "!\u001fD$()", 
        "!\"D'(,", 
        "!KDP(U", 
        "!RDW(\\", 
        "GcpGkpGp", 
        "!KDP(U", 
        "!sDx(}", 
        "proggam", 
        "cGn\u001fOt", 
        "2\"BDPb", 
        ".\"8DP`", 
        "AVbad_", 
        "oc@=stt", 
        "exc`ption", 
        "ic_er\u001f", 
        "X@leng+th!CX+C@$", 
        "C!rc32", 
        "%$O8H@", 
        "pe_info", 
        "W`eY2|l", 
        "bcdefghi", 
        "jklmnopqXrr", 
        "uvwxyz", 
        "BCDEFGHI", 
        "JKLMNOPQ", 
        "RSTUVWXYKZk", 
        "\"xSp0\"h", 
        "8\",D($", 
        "8@nv@uh", 
        "vector<", 
        "UCOoO4xo", 
        "BzYfZ2O(", 
        "8(UNWD%A", 
        "CUAB7<_", 
        "ouw% EN", 
        " iFaul", 
        "@i\u001frtu", 
        "}{)GR>", 
        "f\"GD~*", 
        "\\%GJr.", 
        "$h\\\"D,`", 
        ",4$8_@", 
        ".\"ZDR3", 
        "^\"kDEX", 
        ":\"JD13", 
        "{\"sDK\u001f", 
        "j\",De^", 
        "pLp3Z2", 
        "70^W|[", 
        "im%e v", 
        "R6034$", 
        "/|}htsHm", 
        "f|f{b}a", 
        "ve&M %", 
        "$7\u001f&mw", 
        "!\"#$%&'(", 
        ")*+,-./ ", 
        "3456789:", 
        ";<=>?@", 
        "[\\]^_`", 
        "`{|}~p", 
        "Sp\u001fk@t", 
        "ArHyV'", 
        "M4EJ`%S", 
        "gG!Biq", 
        "D~(@),", 
        "P\"HD<0", 
        "ebB^q%", 
        "('8YWH", 
        "/n(2Zm", 
        "dUSER3_2", 
        "YyU%MYiQyt", 
        "\\WorkQPeC", 
        "4{$QVl", 
        "~.Xrci", 
        "9BGqDmw", 
        "f;H@s1", 
        "wMtEM=!;", 
        "/@J5$;", 
        "8Ahd*$", 
        "HAl&fAp`", 
        "r.AF8,", 
        "('hK*I", 
        "Qn7VhD", 
        "vBT1w&", 
        "\"@*6BJK", 
        "h@[b`e", 
        "D$,u\"L", 
        "({QIcq$", 
        "V%;VD-", 
        "?G (B,", 
        "GHF^GQO", 
        "dl3oAC", 
        "D3Q'!/", 
        "M7(Q@,LD", 
        "#VDX]!", 
        "K4TVb4dQ", 
        ",#8DO)", 
        "6L.i3F", 
        "oat(t0", 
        "dtW J@<.", 
        "7' 8L*", 
        "tRGyqF6", 
        "e`=K[]", 
        "2NC)BN(B.", 
        "PS^@O~%", 
        "<J^L_T`", 
        "vYVQF\\", 
        "T$gUl\"", 
        "2tr/1}", 
        "dG!'H3", 
        "VW&|[%", 
        "o~!+#D", 
        "hu19P=", 
        "6%s0y5 H", 
        "FSK|YP", 
        "&C=\"oAk", 
        "VROjeT ", 
        "G$!!@'", 
        "IXW|qk0A", 
        "J3+)+q", 
        "Ht\u001fau4j", 
        "4s[Sa7|G,", 
        "&ve %n", 
        "2?|(aY", 
        "8$N(|V", 
        "[@x(_'", 
        "r)h|P=", 
        "\u001f/D\u001fQ1", 
        " JIXy+`", 
        "s=ZA~~?", 
        "&e0fu(U9", 
        "3~p3gu)", 
        "\u001fxM{]X", 
        "B,v@>m", 
        "fNDKn'\\3", 
        "#\"wH|G", 
        "GHTOw'", 
        "$zbsC'o", 
        ":1A{t0q@^J", 
        "t9x,tW%>+", 
        "%p2&\u001f8", 
        "FAF\\)t", 
        "\u001fBgtU#7", 
        "0L\\,)3", 
        "'\")t_2", 
        "WSHD_&", 
        "$_.6m*d", 
        "#^\"Mb g", 
        "FHL;Ts", 
        "hR|_b0", 
        "9,4ud*R0", 
        "*N|',^", 
        "+)GP%M$*", 
        "6QX%-:", 
        "FE;A3r 8^`", 
        "hAu@8dm/`w", 
        "xRLh\"4", 
        "V+!-;=F", 
        "+%:/R ", 
        "`\"XDB4", 
        "ExitPro", 
        "UnFw G", 
        "Virtu\"QF", 
        "C2urZnE", 
        "U4pdWu", 
        "ntI}I'$-", 
        "5!J,.\"m", 
        "%4,v8d", 
        "pWq$UG", 
        "yvd\"ZD", 
        ":.CXB(", 
        "*Y|<*(", 
        "]5Ihf'", 
        "Cd+%{,Lu", 
        "-t0LZs", 
        "S0D$@U", 
        "DPzxa/O aV", 
        "s`GLr8", 
        "9>]|,\\", 
        "ea2JCF", 
        "\"0MdF4.o", 
        "T*A)-y", 
        "ZC8GXT9&jMc", 
        "We_DY;", 
        "X ;p)h", 
        "T\u001f*D}&", 
        "Mg^.@4", 
        "&DBHJ5", 
        "U ]Q*\"_", 
        "hBE%a|D$", 
        ";zL>vT%", 
        "xL<9V%", 
        "hx r-=", 
        "QfI^3]", 
        "=~<yKT", 
        " f`KNr", 
        "*djg'TQ", 
        "K0gv9b", 
        "aW]n?8", 
        "hy\\_} ", 
        "1v&@LG", 
        "`>~Y,F2", 
        "9XkI$\\|", 
        "o:282he", 
        "`p!bCs", 
        "m\u001f7^r`R", 
        "b!WFp&f", 
        "gQ^54N", 
        "1:TBQF82vC", 
        "H0bU*R", 
        "CT<H(T", 
        "c=TS-$@", 
        "]I$K~bX", 
        ";8Xa;dJ", 
        "KxqK@Pc", 
        "aH:g&XpH", 
        "d*I<x]*v", 
        "rVI:@;", 
        ":@vG=Wo", 
        "=yR\"'Z8", 
        "0IBj@h", 
        "PDWPpF", 
        "sFh`$'1", 
        "\\isbLBd", 
        "Pe&Z5PB", 
        "ZdgAS0]", 
        "Lc;gB\\", 
        "#g\u001fLaQ", 
        "h2TsQVE", 
        "m_|?\u001f{", 
        ". 6J_mc\u001fP", 
        "ywe`jx", 
        "Cyp1K[", 
        "1R.eHM", 
        "tit/xex\\|a|", 
        "K\"ODSW", 
        "jBh%85gY", 
        "Y|)\"<\u001f", 
        "a>)/Bi!8`\u001f", 
        "J!^!5!", 
        "D2$KR*", 
        "S`V$O >", 
        "RHX@)9", 
        "25YWHPR", 
        "j:$CR@", 
        "+#OBDX-+", 
        ">)0?q@", 
        "3,>U@-", 
        "BKxI,{", 
        "^\\S@/{", 
        "{p.W7-p.N", 
        "<0!(9B", 
        "GZ>i?>", 
        "vZOb2>+", 
        "B/1 ;/", 
        "~_2x}M", 
        "aR}nC\"f", 
        "3h%_z4", 
        "Db<8R/", 
        "1D5:hX@9", 
        "v@$%bgx", 
        "j=UR2bEK", 
        "<(pL6u", 
        ".]qv8U", 
        "v!Dvz]5", 
        "s{0BWhb", 
        "5>XD/BTAG", 
        "I#LD@bHOC", 
        "B#ld`:!", 
        "&)U2UQD\"$<", 
        "jBB$h\"2C", 
        "Ep>I`PF", 
        "e3Td't", 
        ":nlanB", 
        "_DXc[s", 
        "8Pt\"Hx", 
        "!2n\";R7", 
        "a35nD4", 
        "R=h{cA", 
        ")6uWqk", 
        "/O\\tAY^~", 
        "\\Q=~aqd", 
        "|\u001fab;0", 
        "4\"j\"ue", 
        "z!n\":Q;", 
        "Dq\"1}Q", 
        " &K`J%2s", 
        "11q-2f", 
        "J\"a3!C", 
        "|*}$V&", 
        "_z?=Oh*", 
        "Wvt (X", 
        "Zd_Aqh", 
        "F0qP'h", 
        "g(H)G,", 
        "vuJpGa", 
        "OQW~E_", 
        "ZSfIdH", 
        "hu?mOJ+i;+%e", 
        "Q0t1`MOCx", 
        "n(lsW>tN", 
        "r>^#%ll`", 
        "H|C]Y)", 
        "IV\"ZTL", 
        "WF7Mvv*", 
        "  @$(hf", 
        "<Nu&<j", 
        "i=xxo|", 
        "Xc>t7+", 
        "`6K_i&/ ", 
        "`F>Vh$", 
        "Sdc;#1d", 
        "CaL,G}", 
        "D\"UEo7", 
        "&wvtjaX", 
        "d@$.1*S", 
        "@eEF%d", 
        "cw,+&i", 
        "JY83tJE)/", 
        "1WINLy", 
        "|IY$ID/~", 
        "]~]87,}", 
        "H\"RDX^", 
        "nlL;JY", 
        "q=)'2T", 
        ":Bt6wKL", 
        "e(JY e", 
        "tg?/qp", 
        "RDf'Im", 
        ".,\u001fnP{", 
        "*G$(2.=", 
        "8]@`'H", 
        "DjnV!R", 
        "^_]\\=K", 
        "FQ@/6L", 
        "=1A4A<", 
        "0?<~ze6", 
        "#VhTk%", 
        "{dVpyYR", 
        "0F@L\\t", 
        "R{1 _Dr", 
        "*-s,2%", 
        "+F6.=}", 
        "QQhFEr\"$S", 
        "EJV#\"t", 
        "s$mT&mB", 
        "~C(f9:\"", 
        "1B=%8q", 
        "z?(;ve^", 
        "!V(-U5q", 
        "Be?|b<:", 
        "e+-vEIzn'pL^", 
        "Z#hh-?", 
        ")j&&a!", 
        "|VdQX \"R", 
        "b\\SfX!", 
        "0F(b+L", 
        "l>PB8;", 
        "(]dBQ9", 
        "G!4J%a", 
        "v>G0(K", 
        "~am>0VQ|", 
        " j20f;d", 
        "N;Uh>tX", 
        "AG;}6b", 
        "V/mj!*kx", 
        "Qo,3@6", 
        "I?;qB:", 
        "?jHwQ +", 
        ",gqg& ", 
        "|9}ha ", 
        "NW4ntR", 
        "84`kQuGqo", 
        "o6Dux4", 
        "7UT%=p", 
        "Gf`_Pj", 
        "U XbAp", 
        "9946 Y", 
        "^!@8_z", 
        "zPECN%", 
        "V%TpHXf", 
        "XEJ*2c<", 
        "AU(#CX{!", 
        "!fY;5S[b$", 
        "b\"k#Cv<", 
        "`TwDLC", 
        "Wd-RI9'N", 
        "WP7?`C", 
        "M$5dh@P", 
        ";:+XU\"|", 
        "NiwUqF", 
        "Xl&iE+", 
        "bQm<,gZ9", 
        ",yttYI", 
        "}fS!rI\u001fF2$x9`", 
        "+!UDI8,", 
        "oI6xAB'I=", 
        "\\HeS*5#K", 
        "]jxxw ", 
        "j0P2TA", 
        ";`kJA ", 
        "/y*&nJ", 
        "Jjb_T$H", 
        "$KdL,=,KR[/", 
        "|#B8k\u001fl", 
        "tGgmxq", 
        "yx+Bw _", 
        "$BW-HP", 
        "a,)XJza(", 
        "xZTBr#", 
        ")_awnL`y", 
        "Phwuk0", 
        "?_C%yQP", 
        "wi\u001fbWy-h/R", 
        "Ow,-J^", 
        "U:I]TF", 
        "RBXArfF", 
        "|x-5A^,/", 
        "V!bE5 1", 
        "*( D U", 
        "G>hD/t&", 
        ">BX)@hK", 
        "|*E (R", 
        "*@(|0B", 
        "yr`H|K2", 
        "4SJ:M@", 
        "(P$FxI`", 
        "`!bdX!Lc", 
        "`&0)D4", 
        "bad 7l", 
        "gyanew", 
        "m?ov7d", 
        "Ul*O+G", 
        "rly1Ns", 
        "s%r4b-", 
        "A\"eD?f", 
        "E\"jDMk", 
        "O\"&DBt", 
        "G\"wD:{", 
        " \"`Djl", 
        "L\"&D\\(", 
        "T\"tDdu", 
        "[(:zJRa]W", 
        "d6gf4m", 
        "cy7rCl", 
        "Numjb|", 
        "g,*64T]F\u001fQ", 
        "B<yH~jd&", 
        ">ndQ=!", 
        "012345", 
        "cdefgh", 
        "ijklmnopLqUH8", 
        "%\"8D&@", 
        "*\"XD+`", 
        "6\"dD7p", 
        "$\"JD0K", 
        "T\"OD`P", 
        "X')q34", 
        "\"!dT!c", 
        "-!R1|-", 
        "-!r1l1", 
        "-!x14:", 
        "-!S1,?", 
        "d-F<xp", 
        "8Si()s ", 
        "* Uy*+", 
        "Ldb2OnT", 
        "E7tR &Hx", 
        "But)\\6xF2L", 
        "WAXdHC", 
        "qfhOl)<%", 
        ")p0{G10", 
        "G:\"2]0l", 
        "H\"LDPT", 
        "%&>cf<{&", 
        "g|u)rd", 
        " qwwsQgtN", 
        "3$b*1e\\Ri", 
        "1P$1QY$M", 
        "\"#$%&'()", 
        "*+,-./Ue", 
        ":;<=>?J@", 
        "\\]^_`j ", 
        "U`ABCD", 
        "EFGHIJKL", 
        "MNOPQRST", 
        "UVWXYZ25 )", 
        "_\\4OUXB", 
        "{8 Y)P", 
        "MYfN%T]hR<", 
        "HrD:pl", 
        " 1gXep dc", 
        "B`*uVWyh|", 
        "8\"<D@D", 
        "X%`20h$pHx", 
        "8,I1sV<idO%F", 
        "LCIDTo", 
        "NIC;OD", 
        "exDp_Rc", 
        "DEQ2(0tn", 
        "rbTB:$x", 
        "m:@g.#`# H", 
        "bdzViPo", 
        "et |Dh", 
        ",InPN-9R", 
        "\"OGl\"CG", 
        "\"RG \"UGH\"YGh\"VE", 
        "ar<2b=", 
        "?X&eB*", 
        "0C5!3:", 
        ")P!?Ua0", 
        "E&Hf;9", 
        "Eb2]A ", 
        "y1~?|\"", 
        "k>?  #J", 
        "?5O\u001fd%!", 
        "[|X>AH1", 
        "~U` LK$", 
        "0@H 43", 
        "&?~YK|\u001f", 
        ":]=!O>", 
        "!xE8` ", 
        "CqTR;0 ", 
        "wy>@,]", 
        "?#%X.y`", 
        "F|)<pt", 
        "mpi\\#P", 
        "@En[vP> ", 
        "At.xl^Z", 
        "?5Wg4p", 
        "(ex@G#", 
        "i1_i^:", 
        "!,d}4/QGP", 
        "xR|lQm", 
        "8?61$#*", 
        "-pw~ylk xH", 
        "OFATSZ]", 
        ".;<52\u001f", 
        "QV_XMJCD", 
        "!&/(=:34", 
        "NI@GRU\\[", 
        ">907\"%,+", 
        "aComrR.sS", 
        "%#.1i6", 
        "browu\"", 
        "hO5<u6up", 
        "p4!x)e ", 
        "\"TBh Cf8", 
        "D+!TPd", 
        "DXhD\u001fx", 
        "t(Oz,pVM", 
        "`Q&D4h", 
        "U2 ?*HP,V", 
        "8(FY<8F", 
        "d\\\\#t\\", 
        "ZJ,pG^", 
        "yFc<([{", 
        ">e:GA&", 
        " Bq/<G", 
        " R&$)0", 
        "right (ct)|b", 
        "laug\u001fer,", 
        "kumwar", 
        "0LtdLA", 
        "v_xjB2", 
        "abcdefp", 
        "tuvwxyz'", 
        "KLMNOPQR", 
        "STUVWXYZ", 
        "?AVtype_", 
        "xba9d_", 
        "nezwtl", 
        "8gic_ex", 
        "ailurv", 
        "un|mVe", 
        "GC%UzG", 
        "n_MbHV", 
        "2Ab@H\"", 
        "$&QI21", 
        "l7)aqj$", 
        "NiID.T", 
        "kernel32.dll", 
        "GetTickCount", 
        "USER32.dll", 
        "PostMessageW", 
        "ADVAPI32.dll", 
        "CryptCreateHash", 
        "SHELL32.dll", 
        "ShellExecuteExW", 
        "W9s v&", 
        "p2brf;", 
        "&no.09", 
        "}\u001f9y@f;", 
        "B5D$2L", 
        "@z=\\ZP}I", 
        "&-U]P;", 
        "meg(iv", 
        "&=d!..", 
        "n8 >v%", 
        "GL22in^", 
        "P^6Y{n", 
        "3|IB_cv", 
        "t+ju8!F", 
        ",;[{}(", 
        "rNu{0EQD", 
        "+_M7LP", 
        "r:f5PG", 
        "Mf8Y>L", 
        "h_=Zh=", 
        "7kV2\u001f6", 
        "-yl0\"#", 
        "S*3l~M", 
        "O4o(-s", 
        "F[ek?|", 
        "&)I'#9", 
        "k5p~5=2", 
        "^kl1<.R", 
        "%W=-Sq$", 
        "V<[:yP0i4", 
        "+;3|<M", 
        "|)-C@<LuS", 
        "S,[g`_", 
        "Pbk5=2", 
        "8[LvJ|[fE", 
        "&itl=9", 
        "a]5ywhL", 
        "wT8cw:", 
        "!&nrqV+", 
        "3.3-U7t", 
        "U!.9B;#", 
        ">Z[#M&y", 
        "*.3,x.t", 
        "60=//)", 
        "p1ywSA", 
        ")G)#x~", 
        "M?&-b\\", 
        "HhY_'^", 
        "?HtF,.", 
        "WSS v\"", 
        "#$S0(N", 
        "2b[lT8", 
        "|[>tb\\ime", 
        "D(.mf;", 
        "L{:ss_", 
        "!Zp[tz", 
        "Ph*r&]", 
        "B}KdKjv", 
        "!ySd5=2", 
        "0WWWWW", 
        "AAFFf;", 
        "0SSSSS", 
        "0WWWWW", 
        "0SSSSS", 
        "u)jAXf;", 
        "0WWWWW", 
        "AAFFf;", 
        "u19=pe", 
        "0WWWWW", 
        "QQSVWd", 
        "0A@@Ju", 
        "jF<-uH", 
        "<xtV<XtR", 
        "t\"SS9]", 
        "j@j ^V", 
        ">=Yt1j", 
        "Ht\u001fHu4j", 
        "s[S;7|G;w", 
        "tR99u2", 
        "0SSSSS", 
        "PPPPPPPP", 
        "PPPPPPPP", 
        "t+WWVPV", 
        "URPQQhl", 
        ";t$,v-", 
        "UQPXY]Y[", 
        "^SSSSS", 
        "j\"^SSSSS", 
        "VC20XC00U", 
        "string too long", 
        "invalid string position", 
        "Unknown exception", 
        "\u001f !\"#$%&'()*+,-./0123456789:;<=>?@ABCDEFGHIJKLMNOPQRSTUVWXYZ[\\]^_`abcdefghijklmnopqrstuvwxyz{|}~", 
        "EncodePointer", 
        "DecodePointer", 
        "FlsFree", 
        "FlsSetValue", 
        "FlsGetValue", 
        "FlsAlloc", 
        "CorExitProcess", 
        "bad exception", 
        "\u001f !\"#$%&'()*+,-./0123456789:;<=>?@abcdefghijklmnopqrstuvwxyz[\\]^_`abcdefghijklmnopqrstuvwxyz{|}~", 
        "\u001f !\"#$%&'()*+,-./0123456789:;<=>?@ABCDEFGHIJKLMNOPQRSTUVWXYZ[\\]^_`ABCDEFGHIJKLMNOPQRSTUVWXYZ{|}~", 
        "HH:mm:ss", 
        "dddd, MMMM dd, yyyy", 
        "MM/dd/yy", 
        "December", 
        "November", 
        "October", 
        "September", 
        "August", 
        "February", 
        "January", 
        "Saturday", 
        "Friday", 
        "Thursday", 
        "Wednesday", 
        "Tuesday", 
        "Monday", 
        "Sunday", 
        "runtime error ", 
        "TLOSS error", 
        "SING error", 
        "DOMAIN error", 
        "An application has made an attempt to load the C runtime library incorrectly.", 
        "Please contact the application's support team for more information.", 
        "- Attempt to use MSIL code from this assembly during native code initialization", 
        "This indicates a bug in your application. It is most likely the result of calling an MSIL-compiled (/clr) function from a native constructor or from DllMain.", 
        "- not enough space for locale information", 
        "- Attempt to initialize the CRT more than once.", 
        "This indicates a bug in your application.", 
        "- CRT not initialized", 
        "- unable to initialize heap", 
        "- not enough space for lowio initialization", 
        "- not enough space for stdio initialization", 
        "- pure virtual function call", 
        "- not enough space for _onexit/atexit table", 
        "- unable to open console device", 
        "- unexpected heap error", 
        "- unexpected multithread lock error", 
        "- not enough space for thread data", 
        "This application has requested the Runtime to terminate it in an unusual way.", 
        "Please contact the application's support team for more information.", 
        "- not enough space for environment", 
        "- not enough space for arguments", 
        "- floating point support not loaded", 
        "Microsoft Visual C++ Runtime Library", 
        "<program name unknown>", 
        "Runtime Error!", 
        "Program: ", 
        "(null)", 
        "`h````", 
        "xpxxxx", 
        "`h`hhh", 
        "xppwpp", 
        " Complete Object Locator'", 
        " Class Hierarchy Descriptor'", 
        " Base Class Array'", 
        " Base Class Descriptor at (", 
        " Type Descriptor'", 
        "`local static thread guard'", 
        "`managed vector copy constructor iterator'", 
        "`vector vbase copy constructor iterator'", 
        "`vector copy constructor iterator'", 
        "`dynamic atexit destructor for '", 
        "`dynamic initializer for '", 
        "`eh vector vbase copy constructor iterator'", 
        "`eh vector copy constructor iterator'", 
        "`managed vector destructor iterator'", 
        "`managed vector constructor iterator'", 
        "`placement delete[] closure'", 
        "`placement delete closure'", 
        "`omni callsig'", 
        " delete[]", 
        " new[]", 
        "`local vftable constructor closure'", 
        "`local vftable'", 
        "`udt returning'", 
        "`copy constructor closure'", 
        "`eh vector vbase constructor iterator'", 
        "`eh vector destructor iterator'", 
        "`eh vector constructor iterator'", 
        "`virtual displacement map'", 
        "`vector vbase constructor iterator'", 
        "`vector destructor iterator'", 
        "`vector constructor iterator'", 
        "`scalar deleting destructor'", 
        "`default constructor closure'", 
        "`vector deleting destructor'", 
        "`vbase destructor'", 
        "`string'", 
        "`local static guard'", 
        "`typeof'", 
        "`vcall'", 
        "`vbtable'", 
        "`vftable'", 
        "operator", 
        " delete", 
        "__unaligned", 
        "__restrict", 
        "__ptr64", 
        "__clrcall", 
        "__fastcall", 
        "__thiscall", 
        "__stdcall", 
        "__pascal", 
        "__cdecl", 
        "__based(", 
        "SunMonTueWedThuFriSat", 
        "JanFebMarAprMayJunJulAugSepOctNovDec", 
        "GetProcessWindowStation", 
        "GetUserObjectInformationA", 
        "GetLastActivePopup", 
        "GetActiveWindow", 
        "MessageBoxA", 
        "USER32.DLL", 
        "CONOUT$", 
        ";oYh1*", 
        "sice.sys", 
        "siwvid.sys", 
        "ntice.sys", 
        "iceext.sys", 
        "syser.sys", 
        "~sbiedll.dll", 
        "ABCDEFGHIJKLMNOPQRSTUVWXYZabcdefghijklmnopqrstuvwxyz0123456789+/", 
        "0123456789abcdefghijklmnopqrstuvwxyz-", 
        "%d-%d-%d", 
        "winhttp.dll", 
        "type=activation&code=", 
        "activation.php?code=", 
        "&hwid=", 
        "&hash=", 
        "BANNED", 
        "EXPIRED", 
        "type=deactivation&hash=", 
        "deactivation.php?hash=", 
        "UNKNOWN", 
        "bad allocation", 
        "DllRegisterServer", 
        "DllInstall", 
        "BFf~Xl", 
        "qYInL=y", 
        "-cn8J4", 
        "1VkO,'", 
        "/}T9;R'", 
        ".?AVlogic_error@std@@", 
        ".?AVlength_error@std@@", 
        ".?AVout_of_range@std@@", 
        ".?AVtype_info@@", 
        "                          ", 
        "abcdefghijklmnopqrstuvwxyz", 
        "ABCDEFGHIJKLMNOPQRSTUVWXYZ", 
        "                          ", 
        "abcdefghijklmnopqrstuvwxyz", 
        "ABCDEFGHIJKLMNOPQRSTUVWXYZ", 
        ".?AVbad_exception@std@@", 
        "Qkkbal", 
        "Qkkbal", 
        "Qkkbal", 
        "Qkkbal", 
        "Qkkbal", 
        "Qkkbal", 
        "Qkkbal", 
        "Qkkbal", 
        "Qkkbal", 
        ".?AVDeactivationRequest@@", 
        ".?AVActivationRequest@@", 
        ".?AVBaseRequest@@", 
        ".?AVexception@std@@", 
        ".?AVbad_alloc@std@@", 
        ";mnN_j", 
        "|zu6d7(H", 
        "*\\e2.%", 
        "\u001fkI 'L", 
        "Xs\\K|B", 
        "E= 4jq", 
        ":<0(x\u001fm(", 
        "z<a]<>", 
        "yk(|~O", 
        "t4l\\4SkS", 
        "q\u001fqGpA", 
        "V}.>>B", 
        "l;5D: ", 
        "=yZ[.\\", 
        "5ybyw1", 
        "$y<D6*", 
        "&i{U!)J", 
        "z'31e~}", 
        "{F|#Y(", 
        "0y[]E0", 
        "4Qqh/H", 
        "A&1,vH", 
        "y#zA\"m", 
        "nI6Ntt", 
        "f=Bu5A", 
        "A7OY\\4C", 
        "7-VX.<{", 
        "fQ0~3Y*", 
        "d09wk8y", 
        "3<y1\u001f6", 
        "*y( 7sk", 
        "j:A_'a5X\"Fy", 
        "I*H<c5!1", 
        "V-TCs*", 
        "%K5o/W", 
        "u$.DuaB", 
        "w$9Z5s", 
        "Qk?y5aY1", 
        "eL=tNvf", 
        "TnjXJ^\\v", 
        "=Ww<W\"", 
        "Rv(y>nD&", 
        "@+YI7\u001f", 
        ",d2*]?", 
        "eOXzTw", 
        "qzOI/T", 
        "$|]5?0L", 
        "xSz\\P2", 
        "/y1=V*YFW)y<a", 
        "2Y p\"Yt", 
        "&gv,$9", 
        "}+eO`u>", 
        "\"Ua(#^", 
        ".$3V.*~", 
        "tv*Sk(", 
        "\u001f-qoQ`", 
        "?ix\u001f(I", 
        "foT@/y", 
        "2g7/9J3", 
        "fp30=Y", 
        "5y1^C09", 
        "79Jdi8", 
        "AQ!2_4", 
        "j(e6\u001f+", 
        "f-@=4a", 
        "\"A%fPbrs", 
        "h+NW4>", 
        "*_7y9P", 
        ">|9]x*L", 
        "}Sd8lDEG", 
        "`xst+7t", 
        "b,3z]-l", 
        "DNcQL{", 
        "`0*_rE", 
        "Oy2 Rw2W", 
        "0L)H@O", 
        "th4~5S3", 
        "G.IxPy", 
        "&FkU9y", 
        ")9196K8", 
        "wN4Ybn", 
        "o[FbhlbGR", 
        "1Od/y+-$?", 
        "ht3\"i7[", 
        "R'};(M", 
        "<Yr1D?", 
        ":Kq80W", 
        "@.\"eaN", 
        "u`9UT.", 
        "f=jys7", 
        "{Et tix;", 
        "8yy)?6", 
        "!@mY\"u=", 
        "=Q1c:1^", 
        "AY)_D4", 
        "[[c]$$", 
        "I.c1bV", 
        "I@0LFM)?", 
        "Nfxm:B", 
        "V>b6gZ", 
        "6h]W&)", 
        "@f.iVaw", 
        ",yio:,", 
        "\u001f/Y%k@", 
        "9g'%fN]d", 
        "lfX)\\m", 
        "]t^(Y+T", 
        "fmn|<yPf", 
        "$9\"ap_", 
        "f%o.'y", 
        "=9t.7y", 
        "nm.pit)", 
        "@?hDWP", 
        "h wah7", 
        "\u001f(t~\"]+", 
        "\\fZ!5A", 
        "}S=e|H", 
        "Dwy(*NwF93h8C", 
        "?|V6|+L", 
        "&PCK(Y", 
        "f=n9-b", 
        "f5Inf-", 
        "x8Yq/'", 
        "1|B]$p`*8", 
        "&27l#9", 
        ">]+y(/L", 
        "q?yvOPC", 
        "cX(&?:J", 
        "|.t%@h", 
        "(P4YZ^3", 
        "\u001fN09$l0", 
        "&XMw&9", 
        "49l8z2", 
        "&`cu?y", 
        "M~4C,W", 
        ":|O/C.L", 
        "W]\"zPiX", 
        "X`D>aU", 
        "g<Ub@O", 
        "d_/yrfu", 
        "k[!9;A ", 
        "{L>?|;", 
        "SzXqc}/", 
        "@0R2W_;", 
        "F1DF9I1", 
        "cNu\u001fZ7", 
        ")P1.6Q", 
        "Y:B:\\U", 
        "U=pQ<;", 
        "=~3G-f;", 
        "wpXI1 xvn", 
        "x6l+jC", 
        "VhFban", 
        "Q+6-k@", 
        "=9WYE%", 
        "n*>({s", 
        "!E)y7Yv", 
        "@E\"2NPJn", 
        "B5D$2L", 
        ":M R(z", 
        "f#z*Ig[.", 
        "hX\u001f\"7yl", 
        "19WP#9", 
        "&%!z29}", 
        "fi%B&y", 
        "yfM)yk", 
        "R n1yL", 
        " *Z7JF$!", 
        "U;`1yU", 
        "n,|9yH", 
        "bKDyavfe4`&", 
        "28bC|H", 
        "zr5D$2L", 
        "#c#^Fb", 
        "@t#1s>'", 
        "I\"k;&A", 
        "f49[:9", 
        "Fn!22Y", 
        "h,{li7?", 
        "@u\"]NPJn", 
        "bf,ds4@", 
        "1i0N\u001f+", 
        "?WCj9z", 
        "@8o[NP", 
        ".PjT,{", 
        "QGtC'j", 
        "|56\\kl\\9", 
        ":{t(Q-)", 
        "s]T!KJ/jH", 
        "qtNTg)/", 
        "^>q,kv", 
        "&H]?69", 
        "%\\d*n7a+", 
        "Rb[<nG", 
        "YGnvZha", 
        "9Id*>]", 
        "fTt5Sq@", 
        "0gC9\\pw*6", 
        "/^2Vnp", 
        "SA9'[Pt", 
        "s2[m@&", 
        "QTPQoD", 
        "|Bd~f`", 
        "O'Oz;5", 
        "X1P)>X", 
        "FwkLGEtt`|&", 
        "w^S#A?", 
        "A8NA\"$", 
        "Irc!-K", 
        "6T}c*)", 
        "dR\"ir}C", 
        "hKf=<o3", 
        "&v?I'V", 
        "VrL,(bf%", 
        "m~g~vz", 
        "@_<-sI", 
        "%FBIw)", 
        "PD?qwe", 
        "^<hq9E", 
        "^hf5In", 
        "CM.sv/", 
        "lSY%d92", 
        "t><-W]", 
        "P~7~7M", 
        "yHtd ku;", 
        "79#o*?yqr;", 
        "X2s'@J", 
        "L%<-WU", 
        "^T*smC", 
        "^Ge&f=", 
        "fKx{&y", 
        "u0F<Qf", 
        "Uo=+]_o t", 
        "fy2O{oZ", 
        "X4+ &U", 
        "tU5>DkO", 
        "&IU-UA", 
        "*X9%y<X", 
        "|v27!Z", 
        "V<8sKxgp", 
        "[{(s|n", 
        "YIk@lg", 
        "W(FO\u001f#", 
        "zE$yUn", 
        "@:.)yI", 
        "D&%y(x", 
        "bUR' Lu/", 
        "*fvU<l", 
        ";A^knl", 
        "xh(%4g&", 
        "(W4y&-F", 
        "fT5N1Y'", 
        "F5E%99y", 
        "|<7Y.;", 
        "&]=@:9", 
        "m:rm7~", 
        "e@S\\eB", 
        "H-iqN_", 
        "8}1pk~,", 
        "3tN/hS", 
        "_+5H6M", 
        "kLo&bi", 
        "?~v@b5", 
        ",Jrm1c", 
        "dFr-S\\", 
        "};U#y_#g-", 
        "h)`{<4S", 
        "yNRV>|", 
        "^^YX4.", 
        "K50a9/", 
        "v(Wu<=%Q", 
        "r9r!u2**", 
        "3YU)$;y", 
        ":YhH%8y", 
        "So.y.(J", 
        "s|#6tS~d(", 
        "&:/u$9", 
        "<(YJp:\\", 
        "t6>tGLV", 
        "`,;9F9w", 
        "9,#YgWA", 
        "!yY3%-9T", 
        "@p'mLPCw", 
        "AZt%aSg;", 
        "9]DG{ ", 
        "zxd3=:", 
        "36#b6\\", 
        "f9g y*", 
        "L(o~xDM0YD", 
        "(b(~S$", 
        "t4hm+S", 
        "h%b{k7", 
        "+][y<YX8", 
        "hSD${]", 
        "oZv{^nf(", 
        "`T(6bC", 
        "+$Zt,Oh4", 
        "1i+rvYR", 
        "l~#Sy;", 
        "Xw7^T1", 
        "s&bnt+", 
        "v,{5)(", 
        "B )TL$]", 
        "yjc)y=;+9", 
        "\"90<)&", 
        "<|2Vg(L9", 
        "\\zqYmX[", 
        "8jC]ic", 
        "ojFb_m1", 
        "g%9c|j", 
        "`M^xpA", 
        "<%Yv1_)", 
        "&3Ye\u001fy", 
        ".L6-D%", 
        "Xjq/V<", 
        "u6Y>\":", 
        "iU ywTD", 
        "~r4If;", 
        ";\\4@1K)", 
        "o~sE{8P3", 
        "m49mz>9e", 
        "?%^Hc4", 
        "+fz0cz", 
        " 937O$c", 
        "nPPGCj", 
        "y%aY9|", 
        ">PL5zYN", 
        "~!098l", 
        "02I\\e2", 
        "x.b2yJ", 
        "e^\"s~h", 
        "ZD>-wg", 
        "t+W\\*S", 
        "?Q{<fv_8", 
        "{1]Y;p(", 
        "~U~dXl9", 
        "W8AoS+", 
        "gSk>*R", 
        "7+mFF8fF9w", 
        "e4UL%NY", 
        "gVKC(L*", 
        "JrINRvv", 
        "<O}7ca", 
        "Po=}a4", 
        "eJU0y'!", 
        ":I+Lk9i", 
        "2M0,f;", 
        "&rq9fYd2", 
        "7fLb}9~", 
        "y:di2M", 
        "p2y9x2n", 
        "\"E{&RS", 
        "{c~)?l", 
        "ZJil'1", 
        "i&%8=R", 
        "obZ\"{~Q", 
        "L?3fnHe", 
        "b$7GfB", 
        "Mq;pCP", 
        "0[3g6s", 
        ":b/L=O", 
        "eXe@7Y", 
        "2yY)2<", 
        "'9(MI*", 
        "fh|Q\u001ft", 
        "UWn>;4", 
        "^r:9T5.^", 
        "f=2\u001f;y", 
        "ha6g{7", 
        "+*Af(z*", 
        "{]KCN,", 
        "8.I:Qs\"", 
        "f.=-Yl,>", 
        "^2yz&l<", 
        "fJW25H", 
        "FQIZ%V", 
        "OfV'qn", 
        "pV}1w!", 
        "]qB2mv5", 
        "=13Y%9k", 
        "Vr0duvg_", 
        "M;CC5u", 
        "Gm]y:4", 
        "@^i84j", 
        "c7/sFZ", 
        "i+7ywD:", 
        "5Yhv0y", 
        "p59.1<Y", 
        "fSl&*9", 
        "Ipa/bsT@", 
        "AwyqL:", 
        "9V\\AT~#", 
        "dl(Dg=~", 
        "<y5s'%", 
        "\u001f<2z;m", 
        "`?\\|7p[", 
        "MtpuL%@", 
        "OvZU0Z", 
        " cxB5Z=", 
        "zYZtK<@C", 
        "{b6'ywW", 
        "~x9Z ]CwJ)", 
        "5aD\u001f.O", 
        "<vb_wDgQ", 
        "%5\\4lbvf", 
        "Wo<0Vn", 
        "siI195", 
        "tXo/Cv|N", 
        "ztZX1,", 
        "JR.j-K", 
        "JU\"ZJA", 
        "I>-\u001fh0", 
        "\u001fvbF6ggQ", 
        "4B`I_/~)", 
        "~x'M]d", 
        "f=;af;", 
        "!$yw5c", 
        "~0Yu;!", 
        "f%nR6f", 
        "&NoJ\"9", 
        "F{*yPgj", 
        "6yA8s]", 
        "-YGv=9.~", 
        "HF;far", 
        "*?HCMYB0", 
        "y.Xf7Z", 
        "vu\\dJofP", 
        "89E})[", 
        "7CS2w`", 
        "jO:j&Kh", 
        "=R<[cz", 
        "p7[*Wn", 
        ")9~r;]", 
        "h8okr7?", 
        "rc]\"J\"j", 
        "l~@Txp$", 
        "5D$2LI", 
        "@SF=[5", 
        "z}I^Rr", 
        "8 MPXl", 
        "s?#-O2", 
        "4Q7NL?", 
        ";:Y{f)", 
        "VzT67I", 
        "$Y|rf.", 
        "c<%V_Y~'", 
        ")t)J2vcP", 
        ")yQtgJp", 
        "ZGf(4q", 
        "tdFkrZFEB", 
        "HS5N~=", 
        "yjh+#ZE", 
        "'\\Vu7Y", 
        "&lvW*Y", 
        "&>D';y", 
        "&6#A/9", 
        "h*}8p7", 
        "f=#>5A", 
        ".9Z+^t", 
        "4[M0^BN", 
        "uw(M`,e", 
        "Z2Y3yR", 
        "7_8='f", 
        "8YT$&<", 
        "[c@KR<", 
        "<|G'b(L", 
        "^qX(1'", 
        "<\\2Y%9", 
        ",;/#`0z", 
        "D/0j&E", 
        "[3beXw\\", 
        ".f<\"pN", 
        "=1>223", 
        "$.J @!", 
        "KHGxPX9", 
        "&is:*Y", 
        "49e,['", 
        "%5Jw=l", 
        "NLvShq", 
        "2pObzW", 
        "8YbO#@HQ", 
        "fDI^7Y", 
        "Foe9Wxz", 
        "f2)/y:", 
        "%XMA0Y", 
        "3YJQU\"", 
        "99|.;:", 
        "!9^k_ ", 
        "& Pc%Y", 
        "#Y>!R[", 
        "f`_]1Y", 
        "< F2|7A", 
        "4yoapG", 
        "p>.[zdX", 
        "|HvL22", 
        "d`y6[q", 
        "Wr<yAfc", 
        "f33`8bi", 
        "29M|;9", 
        "emD[2Q8Y", 
        ";yq`C>", 
        "Xv\"9Ke(Y", 
        "IabjtD", 
        "1c2e*\"", 
        "KV:9ox", 
        "6QpN#)", 
        "^Pbl &AQ", 
        "-cPk;W", 
        "r&^:ZfT", 
        "^ut)mLH;", 
        "NL<{5Yst", 
        "vf([D/t", 
        "SEAYSG", 
        "2Y]H\"\\", 
        "Aw0[tz", 
        "YlbFik", 
        "th&5DoQ", 
        "|>GIj^@", 
        "y?(YcE", 
        "\\\"x#,y", 
        "wCdex|", 
        ">H-Y5A", 
        "S;6\\um;", 
        "AX-s(M", 
        "o<DmF/a", 
        "J`<Mg_", 
        "r~qW =", 
        "-j+\u001fAdaM", 
        "TZ:-}A", 
        "5.YP6j", 
        "X*v>yF6D0", 
        "k(lEBy", 
        "M1(srel.", 
        "xW<JE-", 
        "w2)7Fo~", 
        "D,_@=F5", 
        "_qqyRq", 
        "\\u\\\"ad", 
        "4r1SS3", 
        "=;IYX>i", 
        "ff>- &", 
        "5U,3fzko", 
        "cY1#la,", 
        "B5D$2L", 
        "(zGEnDwd", 
        "q\\`NAET", 
        " YpZ51dA", 
        "PYoL4_", 
        "b(}.{59D", 
        "h\"E=~79", 
        "&Y_l[8", 
        "JU\"s{[", 
        "=@~)83", 
        "d83yrU)", 
        "q!6Yc3Q3", 
        " W5L^qK", 
        "+9'n*9", 
        "^'%nf;", 
        "y%9~(|", 
        "{F-&OEV", 
        "pb7kxaQ", 
        "=yq59y", 
        "l59-94Y", 
        "A(9Hc_+y", 
        "f5Inf-", 
        "4~ IZT", 
        "I;Y*S?y", 
        "5D$2LI", 
        "n+\u001f\\t=mn3", 
        "42Z-Z(", 
        "YU;'pim", 
        "*NHxi_", 
        "^xK^]#", 
        ")9.+-Y", 
        "|7j0[n", 
        "-{b=YUjQ", 
        "d\"'q9%", 
        "BfE06#N", 
        "\"F2|%E", 
        "?w2S(q2\"", 
        "|K{2S\u001f\"k2?", 
        "t2O%d2fR", 
        "(|?W)<LP", 
        "b8`\\nQ", 
        "P8C@$()p", 
        "3Sq;vjI2", 
        "_7=T<.?8", 
        "&~G`;9", 
        "fGLy-y", 
        "\u001fa89!e", 
        "h-zqa76", 
        "FUK0Y\u001f", 
        "',84\u001f^", 
        "p!yE$\u001f", 
        "04EsbJ", 
        "?5VVL3", 
        "Q*R4Y7?", 
        "e;T)y_", 
        "$y'P39n", 
        "AI),K4", 
        "P1uG\\_1j", 
        " XZ1,el,", 
        "vY$YK^", 
        "-($[6q&HBJ_", 
        "X]cUhZ", 
        "uY'&E^P", 
        "e0kT49", 
        "n1z$^6", 
        "C5>Ws2I", 
        "(d,y65u", 
        "hKf=8D3", 
        "/Xvm0n", 
        "S2iTy~%", 
        "!M\u001fy7(\\", 
        "\\V>\\KL?1", 
        "dpa|> ", 
        "F0%Yom5^", 
        "=*Dxe3", 
        "#e}&2R", 
        "_^ S0T", 
        "oMAXqe", 
        "ch~}GV", 
        "5'l&?_Ww", 
        "&MX}*9", 
        "yL\"yoP]", 
        "~^%yv)", 
        "\u001f6L<CNBAM", 
        "f5Inf-", 
        "t]9E\"SV2", 
        "2Y_*?y", 
        "`,H]S+", 
        "\"Y(~M(", 
        "x2ku[\u001f", 
        "m<3U9if", 
        "W&y]XU", 
        "KQ@o-u", 
        "1R1>\\]VX1", 
        "DMCBSk>", 
        "6p,/O)p", 
        "p(1i^e9", 
        ":Y,HK>", 
        "XL+Zn@b", 
        "hJM,nv", 
        "g=q-yQ", 
        "Yy,#3S", 
        "G,m=N5", 
        "O`$#=]9", 
        "1]7v!+)", 
        "\"m)H>iZ1}T", 
        "Z#x%2E", 
        "<\\|\\ON/", 
        "+]/;y!_", 
        "f=%3-b", 
        "@)~4DP", 
        "cTS8yj", 
        "HkZZ*j", 
        ".PwN#P", 
        "hy.k{7b", 
        "h%b3c7&", 
        "\u001f:aO|+", 
        "]#f;'A", 
        "%)yy>+Y", 
        "H,P\u001f8?", 
        "wC~tFF\"4k;", 
        "|F3Y$-", 
        "gB`lt/", 
        "d\u001fk(.+", 
        "pRU%Yjc!", 
        "i{GFKU/", 
        "R,VFn-", 
        "69~G)_U", 
        "ySf*r8", 
        "$LH5\\[", 
        "QI2eoq75", 
        "1]3z;R", 
        "I03A5Mj", 
        "w`4sRN", 
        "U+s-;2", 
        "yw8>! e", 
        "vd\u001f~v\u001fA", 
        "j4nx]g", 
        "PnLji-", 
        "R8h},4", 
        "1=&A1eg$", 
        "ff4Z:N", 
        "qAN(9!", 
        "&=p&yI;", 
        "&a<?Yv* ", 
        "l(`MX~", 
        "6krs/)", 
        "sB'im~S", 
        "v#B[\"IX", 
        "*Lw+j>lx_[", 
        "A<DRG4", 
        "(A'|GR", 
        "=)u&8iIk", 
        "^fuF1.C", 
        "1NyZQ>o_)8", 
        "!@<+f;", 
        "fhkp0Y", 
        "fC@$4y", 
        "q*yb2C$", 
        "hk[&U]", 
        "[%Y^P7Y", 
        "FM*y\"v", 
        "!H<\\OP", 
        "pI6\"8X", 
        "|hu(6.", 
        "@c4 KPt@", 
        "!!WF2&", 
        "Q|rHd^", 
        "hK=B$5", 
        "T&{Af;", 
        "E&w)o#)", 
        "C(# @Gr", 
        "y`|{(|", 
        "t3{)9m", 
        "ndt[<d", 
        "F0@G;Y", 
        "99Sp+Qa", 
        "0XW]j;", 
        "1x&3I<2", 
        "^BM)K*", 
        ">JZNrb", 
        "~1w2\u001fr!", 
        ">D^6}/P>", 
        "TU-7}Q", 
        "f4= 1y", 
        "&RY\\<Y", 
        "V6rp,iP", 
        "6idU*)", 
        "FhGz<Y", 
        "gpi~p\u001f", 
        "yi(yn {", 
        "R\\`xzn", 
        "=_E\"fz]", 
        "-Lrx71", 
        "=YXvV:", 
        "3I0y^X", 
        " W\"m%K@", 
        "@f==93", 
        "z(SaCZ", 
        "TMX\\8\\", 
        "6|Z2h\"L5", 
        "FjD[XBJ", 
        "]gbJb%vQ", 
        "p\"A!Ym", 
        "1D.&Y[u", 
        "j]+6y(", 
        "4}1@^|", 
        "Lr%mt]A", 
        "7G{\u001fvdA8", 
        ".~8dcG", 
        "z_-,2K'", 
        "hmC&t+", 
        "'LL>1LX@", 
        "A]%k_4", 
        ">2k=+9", 
        "8.y8*)Yc", 
        "*%Yz<u", 
        "EKXG#6", 
        "++]?Vt", 
        "_\u001fi_5A", 
        "f1_c5yg", 
        ")[u5y?sG;", 
        "AD1-bh", 
        "g5's|j", 
        "Rt~\\vJ", 
        "+y?.!yG}", 
        "|W_ f#", 
        "tt#|~4", 
        "f5Inf-", 
        "j<L60()=", 
        "h|+>}7w", 
        "VS6:-F", 
        "\u001fdjv7~a", 
        "@_-kqn", 
        "FNeJLM", 
        "Glt9]UQ;", 
        "&(k{=Y", 
        "|GkG1&", 
        "J i1r7", 
        ".z7i +k", 
        "FZ>vB=Q", 
        "2f=t:3", 
        "_P=onO~", 
        "Gz-m$m", 
        "jfL$\\t&", 
        "tD9MxR", 
        "@c#9Md", 
        "&G?}%y", 
        " \\jylq", 
        "nyGnyND", 
        "w0_.En", 
        ",y,x%\"", 
        "}69O;->", 
        "@56skm", 
        "YUkwhx", 
        "d~~]6=", 
        "Vu+:1iW", 
        "w3)]#WD", 
        "435/9E", 
        "hK=/kv,", 
        "N$+F,f", 
        "p5.zOdS", 
        "pqV?&O", 
        "4%[TwDM", 
        "X^/|Wf", 
        "=:(z)f", 
        "zr%/\u001fQ", 
        "6'2j-)", 
        "]X<y9Mj2", 
        "h!vw|7", 
        "m\u001f!:Uv", 
        "|}{pvO", 
        "@&{0k24I", 
        "jTbVkV", 
        "jtbG~l#1", 
        "~D;Cld", 
        "n{4Ait", 
        "iE0-tt", 
        "G?69i\\e", 
        "r'.yf;", 
        "CNOcB\u001f[", 
        "N?fT|\\", 
        "O#%)99m\"", 
        "H%2|O/", 
        "@@'DCP[", 
        "s5<)yI1", 
        "`;-sMI", 
        "M&7@DH", 
        "~N*\\qz'%", 
        "D([&kq", 
        "',^\u001fG|", 
        "^M'sES", 
        "Hf=h-f", 
        "c(4\\t'", 
        "&Ll/y(L^!", 
        "KM(;Ey", 
        ">;n=J}", 
        "JZX?m{", 
        "JKvcvU", 
        "IPVsle", 
        "9\\[d=\\1", 
        "2[t3w f;", 
        "/ts-\\Q:", 
        "4}bY%LlQ", 
        "2y*ru=", 
        "fU3,19", 
        "A1<G=G", 
        "](`q2Jo", 
        "/G4|(H", 
        ")\\sgOR", 
        "$4#,Hf", 
        "2Ttt0 i;", 
        "=Fg,*d(", 
        "^':~%6", 
        "fG&e7Y<", 
        ",K4PG;", 
        "4bf-J=", 
        "%BD\"vv", 
        "<$YPK%", 
        "k-YK54", 
        "$9=yB6", 
        "osk-1|", 
        "$i]DxH", 
        "u`3-Q,", 
        "z~(0%#l", 
        "]t<<mm", 
        "[O]iWm(#`", 
        "MO?{\\5", 
        "||fcL{", 
        "y6_=~A", 
        "'@_>,r", 
        "4wVT<8uCTW", 
        "8\\\u001fKz4", 
        "O43:RKn", 
        "e'J\u001f31", 
        "y]0c*5bJXP", 
        "nnUaDt", 
        "V8\\wDD", 
        "s#j\"kH", 
        "&5QA79", 
        "0:Y%wo", 
        "&Dm!!9", 
        "^(dKTL", 
        "(9e&]7", 
        "hK==Q`Z3", 
        "%[f\u001f9SN", 
        "v0ve%=", 
        "r^=-S7", 
        ",^A#{~", 
        "]/U(yC", 
        "s!{Om)8", 
        ":`4ijp", 
        ";j#~s(<", 
        "%TPI\"A", 
        "M [*O<", 
        "U_T0f-", 
        "|25=i2", 
        "AMu2`9", 
        "s2-#7r2", 
        "Q8~}2#", 
        "U&[bHQ", 
        "n7i$]`", 
        "=wTZZ.8", 
        "\\az/g1Z", 
        "n;x.ut", 
        "/\\?$w ", 
        "`{6c.#", 
        "t9E\\&SRr", 
        "37FhvN", 
        "j,\u001f6yH$-8", 
        "R2jJ]-p", 
        "Q|5'f;", 
        "!,aS'!qf", 
        "5K@owf", 
        "|U-I_Q", 
        "/h2etF7!", 
        "tEc@8v", 
        "z:QO0b", 
        "A4Ljr4", 
        "Ae5lr4", 
        "5D$2LI", 
        "@'`TxP0", 
        "h/2KPk_", 
        "L~<l?%"
    ], 
    "network": {
        "tls": [], 
        "udp": [
            {
                "src": "192.168.56.103", 
                "dst": "192.168.56.101", 
                "offset": 1590, 
                "time": 21.918147087097168, 
                "dport": 137, 
                "sport": 137
            }, 
            {
                "src": "192.168.56.103", 
                "dst": "192.168.56.102", 
                "offset": 1830, 
                "time": 10.610733032226562, 
                "dport": 137, 
                "sport": 137
            }, 
            {
                "src": "192.168.56.103", 
                "dst": "192.168.56.255", 
                "offset": 2070, 
                "time": 3.0388529300689697, 
                "dport": 137, 
                "sport": 137
            }, 
            {
                "src": "192.168.56.103", 
                "dst": "192.168.56.255", 
                "offset": 8766, 
                "time": 9.080405950546265, 
                "dport": 138, 
                "sport": 138
            }, 
            {
                "src": "192.168.56.103", 
                "dst": "239.255.255.250", 
                "offset": 15796, 
                "time": 1.033721923828125, 
                "dport": 3702, 
                "sport": 49152
            }, 
            {
                "src": "192.168.56.103", 
                "dst": "8.8.4.4", 
                "offset": 28360, 
                "time": 16.456328868865967, 
                "dport": 53, 
                "sport": 50531
            }, 
            {
                "src": "192.168.56.103", 
                "dst": "8.8.4.4", 
                "offset": 28728, 
                "time": 3.905910015106201, 
                "dport": 53, 
                "sport": 53159
            }, 
            {
                "src": "192.168.56.103", 
                "dst": "8.8.8.8", 
                "offset": 29096, 
                "time": 15.456319093704224, 
                "dport": 53, 
                "sport": 50531
            }, 
            {
                "src": "192.168.56.103", 
                "dst": "8.8.8.8", 
                "offset": 29372, 
                "time": 2.913264036178589, 
                "dport": 53, 
                "sport": 53159
            }
        ], 
        "dns_servers": [
            "8.8.4.4", 
            "8.8.8.8"
        ], 
        "http": [], 
        "icmp": [], 
        "smtp": [], 
        "tcp": [], 
        "smtp_ex": [], 
        "mitm": [], 
        "hosts": [
            "8.8.4.4", 
            "8.8.8.8"
        ], 
        "pcap_sha256": "c52028a9c6a70dc4c23b00350d664acb9ab5be23c138f6914cd67e0c771cc914", 
        "dns": [
            {
                "type": "A", 
                "request": "www.msftncsi.com", 
                "answers": []
            }, 
            {
                "type": "A", 
                "request": "dns.msftncsi.com", 
                "answers": []
            }
        ], 
        "http_ex": [], 
        "domains": [
            {
                "ip": "131.107.255.255", 
                "domain": "dns.msftncsi.com"
            }, 
            {
                "ip": "182.176.156.98", 
                "domain": "www.msftncsi.com"
            }
        ], 
        "dead_hosts": [], 
        "sorted_pcap_sha256": "3243f2606deb5775ae14438d57841ac74f80f4ee2cf64a6c85944a3107991528", 
        "irc": [], 
        "https_ex": []
    }
}